-- --------------------------------------------------------
-- Host:                         127.0.0.1
-- Server version:               8.0.30 - MySQL Community Server - GPL
-- Server OS:                    Win64
-- HeidiSQL Version:             12.1.0.6537
-- --------------------------------------------------------

/*!40101 SET @OLD_CHARACTER_SET_CLIENT=@@CHARACTER_SET_CLIENT */;
/*!40101 SET NAMES utf8 */;
/*!50503 SET NAMES utf8mb4 */;
/*!40103 SET @OLD_TIME_ZONE=@@TIME_ZONE */;
/*!40103 SET TIME_ZONE='+00:00' */;
/*!40014 SET @OLD_FOREIGN_KEY_CHECKS=@@FOREIGN_KEY_CHECKS, FOREIGN_KEY_CHECKS=0 */;
/*!40101 SET @OLD_SQL_MODE=@@SQL_MODE, SQL_MODE='NO_AUTO_VALUE_ON_ZERO' */;
/*!40111 SET @OLD_SQL_NOTES=@@SQL_NOTES, SQL_NOTES=0 */;

-- Dumping structure for table bigdata.migrations
DROP TABLE IF EXISTS `migrations`;
CREATE TABLE IF NOT EXISTS `migrations` (
  `id` int unsigned NOT NULL AUTO_INCREMENT,
  `migration` varchar(255) COLLATE utf8mb4_unicode_ci NOT NULL,
  `batch` int NOT NULL,
  PRIMARY KEY (`id`)
) ENGINE=InnoDB AUTO_INCREMENT=14 DEFAULT CHARSET=utf8mb4 COLLATE=utf8mb4_unicode_ci;

-- Dumping data for table bigdata.migrations: ~0 rows (approximately)
DELETE FROM `migrations`;
INSERT INTO `migrations` (`id`, `migration`, `batch`) VALUES
	(1, '2019_12_14_000001_create_personal_access_tokens_table', 1),
	(2, '2024_04_11_171025_create_table_program', 1),
	(3, '2024_04_11_171040_create_table_country', 1),
	(4, '2024_04_11_171053_create_table_role', 1),
	(5, '2024_04_11_171115_create_table_permission', 1),
	(6, '2024_04_11_171129_create_table_field', 1),
	(7, '2024_04_11_171146_create_table_role_per', 1),
	(8, '2024_04_11_171157_create_table_users', 1),
	(9, '2024_04_11_171212_create_table_submit', 1),
	(10, '2024_04_15_023952_create_table_sub_user', 1),
	(11, '2024_04_17_085850_create_table_emails', 1),
	(12, '2024_04_17_085907_create_table_sms', 1),
	(13, '2024_04_17_085953_create_table_data_assignments', 1);

-- Dumping structure for table bigdata.personal_access_tokens
DROP TABLE IF EXISTS `personal_access_tokens`;
CREATE TABLE IF NOT EXISTS `personal_access_tokens` (
  `id` bigint unsigned NOT NULL AUTO_INCREMENT,
  `tokenable_type` varchar(255) COLLATE utf8mb4_unicode_ci NOT NULL,
  `tokenable_id` bigint unsigned NOT NULL,
  `name` varchar(255) COLLATE utf8mb4_unicode_ci NOT NULL,
  `token` varchar(64) COLLATE utf8mb4_unicode_ci NOT NULL,
  `abilities` text COLLATE utf8mb4_unicode_ci,
  `last_used_at` timestamp NULL DEFAULT NULL,
  `expires_at` timestamp NULL DEFAULT NULL,
  `created_at` timestamp NULL DEFAULT NULL,
  `updated_at` timestamp NULL DEFAULT NULL,
  PRIMARY KEY (`id`),
  UNIQUE KEY `personal_access_tokens_token_unique` (`token`),
  KEY `personal_access_tokens_tokenable_type_tokenable_id_index` (`tokenable_type`,`tokenable_id`)
) ENGINE=InnoDB DEFAULT CHARSET=utf8mb4 COLLATE=utf8mb4_unicode_ci;

-- Dumping data for table bigdata.personal_access_tokens: ~0 rows (approximately)
DELETE FROM `personal_access_tokens`;

-- Dumping structure for table bigdata.table_country
DROP TABLE IF EXISTS `table_country`;
CREATE TABLE IF NOT EXISTS `table_country` (
  `id` bigint unsigned NOT NULL AUTO_INCREMENT,
  `name` varchar(255) COLLATE utf8mb4_unicode_ci NOT NULL,
  `deleted_at` timestamp NULL DEFAULT NULL,
  `created_at` timestamp NULL DEFAULT NULL,
  `updated_at` timestamp NULL DEFAULT NULL,
  PRIMARY KEY (`id`)
) ENGINE=InnoDB AUTO_INCREMENT=8 DEFAULT CHARSET=utf8mb4 COLLATE=utf8mb4_unicode_ci;

-- Dumping data for table bigdata.table_country: ~6 rows (approximately)
DELETE FROM `table_country`;
INSERT INTO `table_country` (`id`, `name`, `deleted_at`, `created_at`, `updated_at`) VALUES
	(1, 'Úc', NULL, NULL, NULL),
	(2, 'Hàn Quốc', NULL, NULL, NULL),
	(3, 'Nhật bản', NULL, NULL, NULL),
	(4, 'Mỹ', NULL, NULL, NULL),
	(5, 'Pháp', NULL, NULL, NULL),
	(6, 'Đức', NULL, NULL, NULL),
	(7, 'Trung Quốc', NULL, NULL, NULL);

-- Dumping structure for table bigdata.table_data_assignments
DROP TABLE IF EXISTS `table_data_assignments`;
CREATE TABLE IF NOT EXISTS `table_data_assignments` (
  `id` bigint unsigned NOT NULL AUTO_INCREMENT,
  `assigned_to` bigint unsigned NOT NULL,
  `assigned_by` bigint unsigned NOT NULL,
  `created_at` timestamp NULL DEFAULT NULL,
  `updated_at` timestamp NULL DEFAULT NULL,
  PRIMARY KEY (`id`),
  KEY `table_data_assignments_assigned_to_foreign` (`assigned_to`),
  KEY `table_data_assignments_assigned_by_foreign` (`assigned_by`),
  CONSTRAINT `table_data_assignments_assigned_by_foreign` FOREIGN KEY (`assigned_by`) REFERENCES `table_users` (`id`),
  CONSTRAINT `table_data_assignments_assigned_to_foreign` FOREIGN KEY (`assigned_to`) REFERENCES `table_users` (`id`)
) ENGINE=InnoDB DEFAULT CHARSET=utf8mb4 COLLATE=utf8mb4_unicode_ci;

-- Dumping data for table bigdata.table_data_assignments: ~0 rows (approximately)
DELETE FROM `table_data_assignments`;

-- Dumping structure for table bigdata.table_emails
DROP TABLE IF EXISTS `table_emails`;
CREATE TABLE IF NOT EXISTS `table_emails` (
  `id` bigint unsigned NOT NULL AUTO_INCREMENT,
  `subject` varchar(255) COLLATE utf8mb4_unicode_ci NOT NULL,
  `content` longtext COLLATE utf8mb4_unicode_ci NOT NULL,
  `user_id` bigint unsigned NOT NULL,
  `status` tinyint NOT NULL,
  `deleted_at` timestamp NULL DEFAULT NULL,
  `created_at` timestamp NULL DEFAULT NULL,
  `updated_at` timestamp NULL DEFAULT NULL,
  PRIMARY KEY (`id`),
  KEY `table_emails_user_id_foreign` (`user_id`),
  CONSTRAINT `table_emails_user_id_foreign` FOREIGN KEY (`user_id`) REFERENCES `table_users` (`id`)
) ENGINE=InnoDB AUTO_INCREMENT=51 DEFAULT CHARSET=utf8mb4 COLLATE=utf8mb4_unicode_ci;

-- Dumping data for table bigdata.table_emails: ~50 rows (approximately)
DELETE FROM `table_emails`;
INSERT INTO `table_emails` (`id`, `subject`, `content`, `user_id`, `status`, `deleted_at`, `created_at`, `updated_at`) VALUES
	(1, 'Sunt laudantium mollitia ut nulla qui libero maxime.', 'Veritatis vitae distinctio harum reiciendis consequuntur. Explicabo omnis dignissimos illum porro nihil quae. Sed aliquam eligendi explicabo nihil. Beatae et optio omnis illum eum ab perspiciatis asperiores.\n\nOdio dolores voluptatem fugiat cupiditate quos non. Minima quia molestias perferendis et deleniti. Deserunt eum doloribus est quae ut mollitia. Eum ipsa velit aut maxime eveniet. Vel praesentium consequuntur omnis inventore.\n\nUt qui eius perferendis quibusdam ipsum expedita veniam. Eos est eum voluptatibus tempore in. Ut deserunt dolor soluta omnis. Magnam voluptates sequi sunt voluptatem optio.\n\nNostrum earum numquam est doloribus. In earum molestias aliquid. A velit modi incidunt velit perspiciatis et. Sit est consequuntur quisquam incidunt consequatur. Atque quis quidem suscipit est alias quo.\n\nFacere qui esse sit nulla et. Impedit voluptatem quam modi aliquam. Laboriosam quis doloribus assumenda. Totam quasi aliquam ut sint libero qui libero.', 3, 1, NULL, '2024-04-17 08:54:20', NULL),
	(2, 'Mollitia voluptatem quisquam et quo reprehenderit architecto nisi.', 'Corporis provident laudantium expedita ea et nostrum. Facere rerum dignissimos temporibus quo et. Recusandae eaque quae rem et iure. Quas velit occaecati fugit.\n\nEt odio vel et et rerum nostrum. Sit mollitia ut impedit omnis in aperiam. Ea ut praesentium dolor mollitia excepturi. Omnis doloribus eos molestias dolorem.\n\nVel repellendus enim nostrum omnis alias nihil est. Aut non iusto dolores ea nihil. Explicabo et tenetur sint omnis sit. Ex adipisci dolorem blanditiis illo sequi culpa debitis.\n\nQuaerat quasi tenetur dolores quia excepturi et qui sunt. Nihil accusamus deserunt rerum suscipit autem tempora tempore. Ut iure explicabo iure sint.\n\nSunt nisi sequi minima fuga eaque dolores. Facere deleniti et corrupti natus. Voluptates facere aut provident tempore debitis officiis. Nisi est et non quis doloremque numquam et.', 2, 0, NULL, '2024-04-18 08:54:20', NULL),
	(3, 'Rerum fuga vitae totam quis.', 'Dolorem sit cum ipsam repellat amet doloremque perspiciatis. Quidem ut nesciunt ratione aut est esse ea asperiores. Consequuntur inventore cum rem eos vel. Consequuntur et id ratione quia vero quo quo perferendis. Ea pariatur sunt dolore labore ut.\n\nEt maxime nostrum quod in quia aut aperiam. Qui nesciunt nobis omnis vel et ipsa odio illo. Est consequatur et explicabo omnis dolores quis voluptate. Sit consequatur maiores ducimus pariatur ducimus.\n\nBeatae nemo natus modi inventore non dignissimos cupiditate eos. Neque est consequatur sit est est numquam. Consequatur id id enim tenetur et repellat.\n\nEt debitis quasi numquam qui quaerat dolore rerum qui. Cum vel dolore et quaerat itaque. Accusamus doloribus sequi in quo esse sequi.\n\nEsse natus totam vitae suscipit dicta. Temporibus dolorem ut culpa cupiditate aut aspernatur.', 2, 0, NULL, '2024-03-21 08:54:20', NULL),
	(4, 'Impedit quasi dolor quo.', 'Sed quibusdam culpa est consequatur quam sit voluptas. Deleniti non et ratione et rerum officiis expedita. Tempore cupiditate sed beatae laudantium eum sapiente placeat mollitia. Et sit reiciendis vel eum illo eligendi ut. Facere voluptates eligendi eaque dignissimos voluptates maxime mollitia.\n\nVitae quam eligendi ullam qui totam quaerat. Quis accusamus recusandae et qui est exercitationem sequi. Aliquam consectetur culpa laudantium vitae non ea omnis. Et et explicabo sit minus odit sint tempore.\n\nAtque magnam in facere quo consectetur dolores non. Odio veritatis officiis magni consequuntur dolorum iure dolorem. Distinctio sed praesentium totam eius nostrum ullam enim. Ut quia et aut non qui omnis maiores quos. Necessitatibus sit nisi in.\n\nDistinctio enim iusto sunt nulla. Et quasi quos laudantium temporibus voluptatibus voluptas aut consectetur. Enim nobis enim eos sit non. Est aut voluptas ut perspiciatis illo et repellat iusto. Molestias autem atque amet officiis dignissimos.\n\nSequi sunt velit sequi. Enim repellat atque laborum laborum temporibus odit nemo. Earum dolorem nam voluptatem labore beatae. Quisquam maxime eos provident sint ducimus velit illum.', 2, 0, NULL, '2024-03-28 08:54:20', NULL),
	(5, 'Adipisci exercitationem molestias excepturi consequatur illo consequatur.', 'Voluptatem omnis voluptas tempore officia quo fugiat iure. Cupiditate quis est sed. Ut facilis ut aliquid.\n\nNihil eum fugit aperiam necessitatibus reprehenderit qui. Itaque illo consectetur enim vitae. Et voluptates ea qui perspiciatis corporis. Quis reiciendis temporibus accusantium voluptas alias et voluptatem. At iste iusto voluptatem.\n\nFacilis corporis id sed aut. Quas perferendis cum accusamus. Blanditiis unde id cumque.\n\nEt excepturi recusandae sed consequatur commodi occaecati. Enim sequi et nihil cumque. Illum deserunt culpa unde consequatur non rerum vero vel. Dicta pariatur placeat est error mollitia voluptatem.\n\nMollitia adipisci sapiente dolores qui odio repellendus. Dolores quod omnis ratione deleniti perspiciatis. Quisquam qui sint eos nobis.', 3, 1, NULL, '2024-04-05 08:54:20', NULL),
	(6, 'Et similique ea sunt et.', 'Atque voluptatibus nobis rem eius explicabo et. Fugiat praesentium est aut rerum minima. Hic excepturi qui fuga voluptate qui enim sunt. Ut inventore autem repellat molestiae adipisci. Voluptatibus natus hic non placeat praesentium esse qui quaerat.\n\nVoluptatem debitis nemo expedita id voluptas voluptate. Atque eum ullam molestias et saepe eos. Labore quis voluptatum recusandae veritatis quibusdam consequatur autem.\n\nMinus doloribus minima numquam et. Vel ut cumque saepe aliquid aperiam id. Similique commodi dolores perferendis eveniet.\n\nIusto quasi ut similique ipsa. Non assumenda molestiae repellat. Nemo et nesciunt eum. Molestias molestiae blanditiis dolorum repudiandae doloremque eum.\n\nMolestias animi temporibus maxime totam veritatis. Non nesciunt quas tempore inventore aut. Alias facilis eveniet labore odio veniam voluptas. Occaecati quidem nemo et aut velit voluptatum.', 2, 1, NULL, '2024-04-07 08:54:20', NULL),
	(7, 'Voluptatum dolore voluptate ipsum id.', 'Eos et nobis explicabo sed quibusdam. Vel minima explicabo inventore laboriosam est officiis quia.\n\nFacere tenetur laudantium alias. Qui est corporis voluptatibus eveniet recusandae. Reprehenderit ratione voluptas non dolor necessitatibus aut. Quisquam ut adipisci optio consequatur quisquam. Illo perferendis voluptates quisquam reiciendis.\n\nVoluptas aut labore quasi voluptas voluptas eum amet sit. Magni necessitatibus corporis magnam eos odio fugit tenetur. Ea necessitatibus ipsa porro rerum aliquam aut deserunt. Voluptates est esse libero voluptas est repudiandae ut.\n\nDoloribus ut labore tempora eveniet eveniet. Amet et architecto fuga libero quibusdam perspiciatis quia. Vitae voluptatem quia et expedita quos in. Sed veniam ut aut earum eum velit.\n\nVel maxime consequatur doloribus commodi. Ratione et consequatur facilis hic. Ab asperiores omnis ut laudantium. Error iusto quis at. Molestias dolores sunt aut explicabo.', 1, 1, NULL, '2024-03-23 08:54:20', NULL),
	(8, 'Nulla occaecati eum cumque at.', 'Ipsum aut necessitatibus sunt esse. Excepturi labore magnam quia et qui dolorem modi. Itaque ipsam qui illum consequatur consequuntur alias aut. Laborum inventore aliquid facilis a architecto voluptatum.\n\nFuga quod harum modi in ducimus id adipisci quia. Voluptates consectetur dolorem eum cum qui consectetur. Sint aspernatur dolore ut quia nobis molestiae. Quidem ipsa animi id necessitatibus delectus.\n\nMagni consequatur similique non autem maxime suscipit. Dolorem sed accusamus fuga eius provident quasi qui. Quia eum voluptas quo et iste voluptatibus.\n\nEius asperiores molestiae nobis maiores voluptatibus repellat voluptates. Dolorum facere consequatur qui ipsa commodi eum et. Sed vero molestiae pariatur vero ut id tempore.\n\nQuo excepturi dignissimos voluptas aperiam. Hic nihil occaecati quasi rem. Autem maxime dolorum quasi sit molestiae quis.', 2, 0, NULL, '2024-04-08 08:54:20', NULL),
	(9, 'Amet quae porro vero.', 'Omnis aut molestiae dicta itaque impedit. Dolor quo voluptas voluptatem incidunt consequatur sapiente. Qui aut aperiam eligendi esse sint incidunt natus placeat. Consequatur deleniti suscipit id reprehenderit.\n\nId odit quam quia enim voluptas. Voluptas qui consequuntur blanditiis quos.\n\nAut aperiam aut est aut ut tenetur. Nihil corporis ex quibusdam officia perferendis accusantium assumenda culpa. Assumenda vel corporis autem nemo hic iure.\n\nArchitecto ducimus deleniti id odit eligendi. Et possimus et explicabo aliquam pariatur. Itaque odit voluptas aut libero.\n\nDistinctio consequatur velit non vel aut autem. Aliquid et nam rem accusamus qui. Enim assumenda et dignissimos.', 2, 0, NULL, '2024-04-11 08:54:20', NULL),
	(10, 'Perferendis alias architecto quaerat autem voluptatibus sed sit.', 'Blanditiis nemo ipsam aperiam velit a in eius. Voluptas qui enim illum molestias occaecati quas autem. Voluptatem nobis quibusdam at itaque modi dolorum voluptatem. Nihil expedita ducimus quibusdam explicabo.\n\nMinus sunt quasi non qui error doloremque animi. Assumenda sit nam quaerat. Architecto porro cupiditate asperiores libero pariatur laudantium.\n\nConsequatur non sunt non ad. Nulla fugiat iure repellat eveniet et adipisci. Amet quo sapiente pariatur ex aut.\n\nFacilis ut ut culpa adipisci vel ex. Porro sapiente iure sit incidunt. Aliquid ipsa laborum saepe dolorum. Sint consequatur natus eligendi officia.\n\nRerum ut corporis cupiditate voluptates et suscipit molestias. Fugiat quis sint repudiandae itaque ut a. Nisi quia delectus placeat consequuntur saepe animi et non.', 1, 1, NULL, '2024-03-20 08:54:21', NULL),
	(11, 'Incidunt exercitationem harum odio ex accusamus sunt earum.', 'Nulla voluptatem quasi commodi exercitationem. Quis dicta hic autem dolorem quas quidem omnis. Sint reprehenderit laudantium commodi consequatur earum.\n\nSint velit voluptatibus rerum. Commodi non in omnis iste expedita vel non. Ea enim assumenda commodi vero consequatur. Perspiciatis enim possimus ea et porro aut sequi.\n\nNisi explicabo in optio laudantium. Itaque eius nam deleniti cupiditate dignissimos voluptatem odio. Error sit possimus atque. Omnis rem quia pariatur ut.\n\nNam eum impedit qui quae consequatur quia molestiae. Quibusdam excepturi aut voluptas. Ducimus cupiditate esse molestiae enim. Facere tempora id consequatur nisi.\n\nRem dolores animi provident numquam. Aut ratione tempore et magnam aut alias. Rerum voluptatem tenetur aliquam beatae culpa error sit.', 2, 1, NULL, '2024-03-25 08:54:21', NULL),
	(12, 'Optio laborum ad illo assumenda eos vitae et.', 'Provident quam error voluptas optio velit similique. Quae doloremque ullam temporibus amet.\n\nTempore consequatur et sit rerum et reiciendis iure accusantium. Esse et fugiat alias natus quia. Sapiente reprehenderit ea sed ut.\n\nVoluptates rem optio aut corrupti omnis. Eum mollitia earum excepturi nisi eos adipisci qui. Aut blanditiis laboriosam necessitatibus adipisci maiores inventore. Quod ut quae inventore qui placeat. Consequatur et eveniet et culpa sapiente dignissimos voluptatem.\n\nEst delectus et quo. Alias soluta nulla eum quam inventore. Qui possimus voluptates minus exercitationem culpa ratione ab. Iusto libero incidunt velit.\n\nRepellendus et reiciendis impedit dolores laborum rerum tempora. Dolores sed ex quo eum cumque qui culpa quos. Rem quia sed qui explicabo.', 1, 1, NULL, '2024-04-10 08:54:21', NULL),
	(13, 'Est quibusdam est mollitia voluptas occaecati.', 'Est consectetur culpa odit quasi. Asperiores in sint natus voluptas sint. Enim similique soluta quia voluptatibus.\n\nConsectetur ullam deleniti minus recusandae totam eligendi. At adipisci sint commodi eum natus rem repudiandae. Quia asperiores id deserunt dignissimos et earum in dignissimos. Officiis ut atque tenetur laudantium praesentium distinctio doloremque.\n\nOptio amet totam beatae et. Magni consequatur beatae error porro tempore. Autem voluptatem rem veritatis sunt. Consequatur soluta quia eum iusto iure distinctio illo qui.\n\nEt sequi asperiores autem ullam consequatur quia. Quas at odit aut quaerat qui. Ut et amet placeat repellendus magnam.\n\nVelit consequatur qui magni est voluptatem. Magni maiores commodi sequi eos. Repellendus praesentium quibusdam minima sit voluptatem. Ab officia quas et maiores alias quisquam nemo.', 1, 1, NULL, '2024-03-22 08:54:21', NULL),
	(14, 'Et delectus quod accusamus occaecati.', 'Hic nihil cupiditate dignissimos assumenda eligendi. Consequatur ex mollitia atque officia. Perferendis qui saepe aut repellat rerum rerum.\n\nNon odio eum id quibusdam accusantium rerum quos aut. Reprehenderit est sit eum quo neque illo aut. Quam adipisci non id non iste quo quis. Vitae eveniet et qui incidunt adipisci.\n\nNihil dicta autem dolores qui quo iste. Aperiam error ut ut voluptatum ut distinctio dicta. Ipsum cupiditate omnis reiciendis nulla. Vitae nisi dolores voluptatum.\n\nDolor laboriosam explicabo alias et omnis perspiciatis. Commodi illo blanditiis vero mollitia aut deserunt. Nisi sint ipsum eaque voluptas qui consequatur. Molestias facere nisi quis ab libero fuga veritatis ad.\n\nUt qui repellendus id saepe vitae. Earum itaque est esse qui minus et. Et debitis voluptas cum ipsa qui. Sunt qui quisquam unde blanditiis corporis dolorem.', 2, 0, NULL, '2024-03-31 08:54:21', NULL),
	(15, 'Aut dolorem nemo et earum sed ut.', 'Voluptas praesentium quod velit rerum odit. Laborum quos et distinctio veritatis. Nesciunt est ea qui cum sit totam libero. Blanditiis officiis perferendis omnis corporis itaque sint aperiam. Qui accusantium quod mollitia consequatur et occaecati.\n\nRatione quia ut perferendis tempore. Provident nisi dolor provident neque beatae saepe sed eligendi.\n\nIn voluptatem deserunt commodi sed quis itaque. Fugit in voluptatem laudantium eligendi.\n\nSit eum quo voluptatem earum rem. Ut architecto ipsam eligendi eos porro ut aut dolores. Deserunt libero tempore error eum non. Voluptatem expedita et qui aspernatur corrupti.\n\nCum aliquid quisquam architecto voluptatem natus voluptates eos quaerat. Provident deserunt tempore autem officiis ab. Quibusdam eveniet dolore nostrum quia temporibus aut expedita. Molestiae natus eos reprehenderit earum quam sunt.', 1, 1, NULL, '2024-04-13 08:54:21', NULL),
	(16, 'Accusantium velit molestias sint maxime eum voluptatum sunt.', 'Autem modi mollitia necessitatibus corrupti vero laudantium ullam. In dolorem odit fuga fugit. Inventore et veritatis adipisci dolorem autem ullam sed laboriosam.\n\nIpsam odio quidem perspiciatis quisquam assumenda. Dolorem vero qui libero eligendi. Fugiat doloremque quas qui et sed nobis omnis. Occaecati et earum sunt quod quam illo et.\n\nQuibusdam est assumenda vel amet recusandae omnis. Laborum sequi qui nostrum commodi adipisci temporibus eum. Debitis velit commodi voluptatum est placeat unde accusantium. Natus aut incidunt omnis dolorem voluptas. Et provident necessitatibus est aut est.\n\nQui voluptas rerum vitae voluptas. Molestiae veritatis distinctio ipsum possimus qui.\n\nIusto qui aut ad saepe voluptas deleniti. Iste ab recusandae numquam quas quis. Nostrum quos magnam culpa ab. Debitis nobis aliquid sit temporibus mollitia enim.', 1, 1, NULL, '2024-04-02 08:54:21', NULL),
	(17, 'Facere est quia adipisci.', 'Molestias vel nam modi fugit. Rerum eos voluptas qui dolorem explicabo aut esse eligendi. Quia tenetur soluta maxime repellendus voluptate rerum beatae. Voluptatibus vel fugit animi voluptas. Earum est praesentium earum ut occaecati quod esse vero.\n\nEum aut tempore soluta consequatur. Eos ut vero ut vel illo corporis hic similique. Ut error vitae molestias.\n\nDolor et reprehenderit architecto numquam vel est officiis omnis. Pariatur cumque repellendus aspernatur porro ut. At dolor quia sint explicabo eum recusandae. Saepe officia quis voluptatibus eaque fuga minus.\n\nConsequatur est vel qui. Aliquid rerum assumenda corporis. Dolorum error ratione quis tenetur laudantium.\n\nQuia alias eligendi sunt accusamus cupiditate. Atque voluptas quam esse cum optio non rerum. Voluptates et praesentium quo eveniet est consequatur sint.', 1, 1, NULL, '2024-04-11 08:54:21', NULL),
	(18, 'Odio beatae doloremque ipsa tempore et incidunt iusto.', 'Animi amet placeat esse deleniti iure qui aspernatur. Non quasi exercitationem enim ullam pariatur laudantium qui. Tenetur vero nobis ea eaque. Soluta illum aliquid id velit architecto.\n\nEst et dolor dolor autem dolorem sed. Amet cum ut dolores. Totam repudiandae qui in sed nihil sed alias. Odio voluptatum illo odit deserunt commodi deserunt qui.\n\nCulpa quidem aut earum quis placeat necessitatibus. Adipisci voluptas cupiditate illo ut fugiat placeat ut. Nam itaque assumenda possimus ea veniam.\n\nRem maxime quia corrupti ipsum a quae voluptas optio. Praesentium reiciendis vel et iure cum sint quam dicta. Enim laudantium labore et facilis quos.\n\nEst quia provident rerum omnis at eum aut. Aliquam quod est exercitationem itaque assumenda et cupiditate. Beatae qui natus veritatis dolores vero velit accusamus. Et non et maiores doloremque et.', 2, 0, NULL, '2024-04-17 08:54:21', NULL),
	(19, 'Qui vero delectus reprehenderit vel.', 'Est ea sit optio dolores. Libero molestiae asperiores officia qui ex quia voluptatem.\n\nVoluptatem ut facilis voluptates ratione est. Ea facere distinctio id at est. Et aliquam debitis occaecati praesentium esse neque assumenda. Sequi voluptas distinctio nihil temporibus non autem dolores. At maxime nesciunt eveniet voluptas voluptates minima.\n\nDucimus aliquid qui porro. Voluptatum animi mollitia numquam aut reprehenderit possimus dolore. Repudiandae voluptate sed quo quo pariatur sint deserunt voluptatem.\n\nLibero illum omnis aut. Amet provident iusto voluptatem non. Quis exercitationem odio et eum dignissimos assumenda fugiat ut.\n\nTotam quos amet occaecati temporibus molestias minima. Aliquam est magnam porro provident. Nihil qui pariatur autem voluptate reprehenderit eum. Sint eveniet esse fuga est labore hic quis.', 1, 0, NULL, '2024-04-07 08:54:21', NULL),
	(20, 'Consectetur et vel sit dolorum.', 'Perferendis inventore a consequatur voluptatem veniam quisquam incidunt. Qui incidunt molestias libero non voluptas possimus dolorem.\n\nPorro qui dolore voluptas et repellat. Voluptatem quisquam atque architecto alias. Quis ut est minus.\n\nRecusandae et voluptatem nihil quas. Exercitationem aut tempore omnis qui explicabo. A ex architecto illo.\n\nFuga et ducimus quia eius. Dolor officiis ut enim et id illum. Dolor eius optio quia id error cupiditate. Veritatis natus non cupiditate dignissimos dolorum sequi doloremque.\n\nIllo ut iste quia ut. Modi consequatur alias et hic eius. Quia unde porro architecto accusantium ea.', 2, 0, NULL, '2024-03-22 08:54:21', NULL),
	(21, 'Itaque non sit neque sapiente.', 'Consequatur et voluptas beatae. Occaecati quasi natus qui velit occaecati quia. Et illum sint vel quidem. Iste et at culpa excepturi architecto.\n\nMaxime animi autem et labore. Quaerat alias maxime quos porro illo.\n\nDebitis natus aperiam est ut nobis velit optio. Labore qui voluptates nisi reiciendis dolor quae. Voluptas id veniam ut non aut neque. Animi nesciunt dicta sit nam cum quos doloremque modi.\n\nNumquam quibusdam explicabo et voluptas id maiores ipsum. Excepturi quam voluptas tenetur neque ipsum exercitationem quia. Modi animi dolores recusandae magni. Non aut maiores temporibus nihil est.\n\nHarum sit fugiat fuga neque debitis. Quaerat tenetur iure sequi beatae nihil qui. Ipsa nihil ducimus necessitatibus et.', 3, 1, NULL, '2024-04-07 08:54:21', NULL),
	(22, 'Inventore odio blanditiis est ratione sit non alias.', 'Dolorem totam officia dolor incidunt reiciendis odio. Dolorum a eligendi nobis dolores ducimus. Est ut dolor eum corrupti et voluptatem est molestiae. Soluta unde soluta qui harum excepturi. Culpa veniam in vitae sequi.\n\nBeatae laborum rerum cupiditate veritatis tempora qui enim cum. Est dolorem ut dolor quia eos sit est. Tempora mollitia culpa maiores et quo. Consectetur totam et commodi consequatur alias similique.\n\nIllum et quis hic consectetur esse dolore veritatis. Vel aperiam quas animi quo porro vel quisquam. Eveniet sed deserunt reprehenderit ut vero. Modi velit aut qui soluta laboriosam aliquid consectetur.\n\nExplicabo non maiores asperiores perferendis eligendi ex omnis. Ipsa voluptatum cupiditate debitis itaque consequatur. Veritatis error quas non quo dolorem sint ut. Aperiam ipsum laborum quo animi rerum saepe quas est. Quia rerum a aut debitis et corrupti dolorum.\n\nCorrupti exercitationem et nobis veritatis dolorem enim perferendis. Tempora modi id ex dolores quos eos. Porro quia dolorum optio et. Ut id molestias atque in tempora.', 2, 1, NULL, '2024-04-17 08:54:21', NULL),
	(23, 'Unde culpa saepe hic hic illum omnis nostrum.', 'Aperiam id qui id officiis cum beatae modi blanditiis. Voluptatem dicta molestiae explicabo. Dolor minima nam dignissimos quis quidem in. Quibusdam quos ex nostrum temporibus numquam. Ipsum praesentium non est est dolorem consequatur tenetur.\n\nAut alias debitis numquam quo magni quos. Et est consectetur nemo. Eligendi et commodi sapiente quasi hic enim pariatur. Ea voluptas nostrum dolores adipisci quam qui.\n\nEt adipisci quae quis id deserunt. Et et voluptates laboriosam voluptatem non quis reiciendis. Soluta quis voluptatem ipsa rem. Molestiae tempora recusandae voluptatum veniam harum.\n\nAut in assumenda enim dignissimos blanditiis qui est doloribus. Facilis eveniet aut qui iure est magnam. Rerum ut necessitatibus tempore delectus. Ea eligendi ut quo molestias rerum consequuntur. Quae voluptas rem consequatur.\n\nId quidem odio aut deserunt sit totam. Error at ut sed adipisci quasi distinctio. Magni sint maiores doloribus dicta in adipisci sed. Quae provident a odio sequi voluptatem.', 2, 1, NULL, '2024-04-09 08:54:21', NULL),
	(24, 'Voluptatem iure fugiat sed illo iste suscipit numquam.', 'Aut minima error laborum corporis recusandae et tempora. Est sunt ipsum autem voluptates. Voluptatibus optio magni consequatur occaecati et placeat temporibus nam. Quia deserunt culpa neque dolorem totam voluptatum saepe.\n\nQuidem sed aperiam dignissimos qui. Expedita qui quia excepturi repudiandae et explicabo. Hic aut a nisi enim. In rerum optio blanditiis maiores libero. Repellendus itaque quis quisquam explicabo vitae vel nulla.\n\nPlaceat ut ullam quam nemo similique facilis aut voluptatem. Tenetur cupiditate possimus dolore voluptatibus temporibus facilis ipsum nemo. Et amet sapiente molestiae est vero corporis.\n\nQuo dicta autem ducimus quod possimus dolore earum. Voluptas omnis quia sint dignissimos repellendus placeat nam.\n\nCumque minus optio harum neque magnam blanditiis. Quidem rerum dolore qui. Quam nobis dolorum et rerum.', 2, 1, NULL, '2024-04-16 08:54:21', NULL),
	(25, 'Doloribus voluptate soluta dolor sunt enim alias omnis.', 'Est amet temporibus quia quibusdam. Eveniet voluptas vero amet magni. Deleniti recusandae in optio minus.\n\nQuis aperiam quae ut doloremque ea in provident voluptatem. Libero ducimus aliquam officia et quia debitis. Tenetur placeat dolorum ad dolorum. Sit eius in blanditiis aliquam sit a voluptas.\n\nConsectetur aliquid rerum aliquid voluptas velit iste ut suscipit. Natus et laudantium qui sed. Voluptatem quae illum nihil in eos distinctio magnam. Nam autem repellendus eos possimus qui.\n\nEsse cupiditate qui debitis rerum est. Dolor aliquam voluptatem placeat iste. Placeat nulla id deleniti vel ipsa et doloribus excepturi. Impedit repudiandae blanditiis voluptatum quia illum minima.\n\nItaque id dolorem illo nihil quia est. Quis error omnis autem magnam recusandae non. Omnis quisquam et et ea libero omnis ipsa.', 1, 1, NULL, '2024-04-07 08:54:21', NULL),
	(26, 'Nemo provident unde facere ipsum sapiente voluptatem.', 'Culpa porro magni facere voluptatum. Possimus itaque sint nihil aut excepturi a eos corporis.\n\nAccusantium itaque et at labore voluptas. Dolor commodi ut consequatur qui sed aliquid eum. Et eum voluptates quis suscipit saepe. Labore officiis distinctio aut non tenetur.\n\nVoluptatibus assumenda provident adipisci quae blanditiis. Nihil animi ea et vel aut et doloremque corrupti. Tempora modi voluptatem omnis quod sunt. Voluptate ullam itaque cum veniam.\n\nSaepe corrupti rerum voluptatibus facere. Ut tempora qui veritatis natus. Ratione id eligendi deserunt.\n\nEos deserunt aliquid fugit soluta minima. Nostrum voluptas dolores rerum neque tempora non. Aperiam dolor repudiandae sed laboriosam eos. Veritatis sit ex sint pariatur.', 1, 0, NULL, '2024-03-23 08:54:21', NULL),
	(27, 'Praesentium quibusdam perferendis voluptas id hic eum.', 'Ut incidunt ex voluptatibus iure. Exercitationem sunt cumque laborum aut quibusdam eos. Recusandae hic nostrum harum eaque repellendus voluptatem est.\n\nUt et dicta aut accusantium optio. In nihil vel aut ea labore molestias minus.\n\nNon ullam quisquam cumque nesciunt itaque. Qui ut deleniti quas quae. Omnis numquam facere laudantium laborum.\n\nImpedit qui aut quod nisi velit. A eveniet nobis excepturi minus. Et sapiente est maxime eveniet modi.\n\nEt aliquid dolores esse quis enim vitae. Explicabo et minima iste vero nulla voluptatem. Ducimus fuga magni maxime ut autem. Repellat qui quibusdam ipsum esse.', 1, 1, NULL, '2024-04-02 08:54:21', NULL),
	(28, 'Reiciendis est maxime iure.', 'Consequatur tempora aperiam assumenda odio iste. Excepturi consequuntur ut vel corporis velit porro voluptate.\n\nNon est qui sed. Et corporis iure velit et.\n\nSed aut saepe qui nobis. Quia quidem iste voluptates. Hic reiciendis dolor at tempore.\n\nAccusamus sed velit quia voluptas pariatur. Possimus et sit maxime aut quia aperiam eum id. Quia veritatis a incidunt dolorem non est. Minima doloremque velit occaecati quaerat illum.\n\nVelit fugit debitis qui odio possimus quas error in. Esse necessitatibus veniam labore expedita.', 2, 1, NULL, '2024-04-18 08:54:21', NULL),
	(29, 'Ut tempore consequatur architecto quo ipsa explicabo.', 'Sunt odit debitis hic. Velit omnis ut sunt officia dolor. Aut illum quam reiciendis impedit doloribus totam autem. Veniam accusamus aut sunt aut earum.\n\nAut voluptatem consequatur fugit voluptas. Est nemo beatae odit praesentium voluptas aut. Enim ad quia sit delectus.\n\nVel cupiditate id voluptatem rerum repellendus. Sint quidem sit accusamus repellat pariatur deserunt. Magnam reiciendis omnis eligendi quaerat eum aliquam maxime.\n\nSed est dolorem maxime occaecati aut ut veniam qui. Quia atque natus voluptatum eius in nulla voluptatum debitis. Et nam quasi sed dignissimos ex aperiam est. Necessitatibus repudiandae eos quas vel asperiores fugit dolores animi. Ducimus ut dolores saepe voluptatem.\n\nDolor aliquam voluptas nemo sit eos possimus. Distinctio neque exercitationem voluptatem exercitationem earum a qui. Autem et nemo voluptatem quibusdam. Consequatur quis et atque nemo.', 2, 0, NULL, '2024-04-18 08:54:21', NULL),
	(30, 'Quo optio et voluptatem a quibusdam.', 'Magnam repudiandae soluta voluptas vitae. Dolorum quia sunt facere aut non exercitationem et. Saepe earum culpa eaque enim. Architecto et dolores ducimus molestiae.\n\nTempore officia et dolor delectus. Eum ut aut porro similique sed.\n\nAnimi velit tenetur molestiae cupiditate sit provident. Blanditiis nobis consectetur recusandae assumenda. Qui voluptates aliquid molestiae. Sit consequuntur qui recusandae sit ut et.\n\nRerum ipsum enim recusandae tempore nesciunt vero. Consequuntur maxime ea veritatis beatae delectus ut. Totam nam nihil impedit numquam. Eos quae ipsa temporibus at.\n\nReiciendis officia laborum et eaque minima deleniti. Autem animi dolore velit mollitia quae quae nobis. Maiores sit nemo dignissimos repellendus.', 2, 1, NULL, '2024-04-18 08:54:21', NULL),
	(31, 'Neque officiis adipisci quae.', 'Deserunt enim culpa repellat. Architecto quos praesentium accusantium. Et explicabo est voluptatem iure magnam ipsum et.\n\nReprehenderit vel aut temporibus amet corporis id officia. Enim quos nisi aut rem deserunt fugiat expedita. Nihil nisi impedit est quos est. Voluptatem similique vel ut iure ipsum laborum.\n\nVoluptatibus aut dolores similique nostrum fugiat. Aut illo voluptates modi atque eius consequatur dolorem error. Eligendi nihil quibusdam eum expedita consequuntur.\n\nEt vel mollitia accusamus nihil quasi. Nulla eligendi et consequatur quod aut aut autem. Sit ullam distinctio quis et molestiae.\n\nCorporis in iure debitis eius velit dicta impedit. Voluptas et aliquid dolorem quis fugiat omnis aperiam. Rerum nostrum ipsam est expedita molestiae dolores. Eos ea delectus facilis. Magnam quae ex ullam accusamus.', 3, 0, NULL, '2024-04-15 08:54:21', NULL),
	(32, 'Earum ipsam molestiae cupiditate qui cum facere.', 'Omnis vel aut exercitationem delectus quibusdam. Rerum expedita quae culpa assumenda ut eum consequatur. Placeat voluptate suscipit qui a minima quis.\n\nPlaceat doloremque placeat sit ad recusandae nobis. Qui vero aliquam non ut consequatur nesciunt praesentium animi. Perferendis velit enim ut quia incidunt.\n\nSimilique iure officia vel deleniti. Nostrum est dolore aut dolor animi recusandae aliquam. Sit aut dignissimos sint mollitia ut quasi. Quos et necessitatibus vel non perferendis rem sunt. Consequatur aut laboriosam delectus illum ducimus.\n\nSuscipit doloremque dolor dolorem doloribus. Ad quia et quos non laboriosam. Sunt quibusdam unde non odio quia.\n\nMaxime quaerat saepe corrupti est deserunt rerum. Quas porro aliquid maxime eligendi odio. Porro aspernatur laborum ut delectus officia officiis atque. Voluptas laborum id doloribus.', 3, 1, NULL, '2024-03-24 08:54:21', NULL),
	(33, 'At consequatur ut sequi fugiat illum corrupti ut.', 'Atque qui ut tempora ut debitis doloribus. Tenetur qui commodi deserunt fugiat. Et optio amet corporis illo laborum. Et excepturi nostrum dolore est.\n\nPorro quidem est sit aliquam sed aut. Illum placeat doloremque voluptas impedit. Beatae molestiae omnis mollitia a illo non. Odio et molestiae odit quaerat ut.\n\nNatus at vel vero. Eos quis fugiat quia officiis cum animi. Aut dolorem eum perferendis tempora cum et. Corrupti voluptas alias nam quis ut porro culpa.\n\nAlias quaerat ipsa nihil recusandae facilis ut. Quas inventore dolores debitis excepturi. Quod beatae aperiam porro consectetur dolor sapiente facilis.\n\nDoloribus libero dolore nisi error ea est. Dolores voluptatibus ex sint dignissimos. Sunt officiis numquam repellat aut. Soluta unde dolor non repellat.', 1, 1, NULL, '2024-04-08 08:54:22', NULL),
	(34, 'Eius voluptatem voluptatem ipsa.', 'Esse sed adipisci et sapiente perspiciatis sed amet. Sunt ut provident alias. Excepturi sed minus voluptatem eveniet voluptas et molestiae consequuntur. Aliquid distinctio non vel ad dignissimos.\n\nRerum iste nam voluptas porro consequuntur. Ipsam quod sequi animi. Dolorem et saepe labore. Est et sit libero et.\n\nQui molestiae sit hic voluptatem nam. Fuga eum a optio sit. Rerum autem earum ad.\n\nVoluptatem quia ut quas aspernatur. Explicabo ea porro qui perferendis cupiditate distinctio. Architecto ipsum nemo asperiores et hic voluptas sed.\n\nCum repellendus saepe vel est. Quo enim sequi error iste voluptatem sapiente. Aut eveniet minima ipsa et consequatur perspiciatis unde.', 3, 1, NULL, '2024-04-08 08:54:22', NULL),
	(35, 'Ratione vel fuga ut animi omnis numquam.', 'Aut deleniti repellendus ex. Debitis dolores eos libero cumque facilis necessitatibus earum ut. Aut dolor a quidem est est earum. Cupiditate sapiente neque fugiat vitae deleniti molestiae molestiae.\n\nAliquid qui omnis enim. Ipsum a nesciunt assumenda architecto delectus repellendus et. Corporis quia labore sunt laboriosam.\n\nMagnam cupiditate facilis numquam et eligendi et sunt. Debitis tenetur sunt eius dolorem earum voluptas omnis. Fuga quibusdam voluptates rerum sunt soluta itaque omnis.\n\nModi repellat unde vero blanditiis. Alias accusantium alias quasi sequi et quia. Reprehenderit illo reiciendis totam nihil adipisci.\n\nEst labore assumenda maxime ea maxime ratione. Modi explicabo veritatis qui nulla. Non ut a qui qui voluptatum deleniti repudiandae placeat. Doloremque quisquam maxime qui laudantium et. Non aut praesentium et ut porro qui.', 1, 1, NULL, '2024-04-02 08:54:22', NULL),
	(36, 'Aperiam amet voluptatem veniam consequatur voluptatem.', 'Quis libero explicabo odit quibusdam. Ut minima modi provident reiciendis distinctio fuga et vitae. Et commodi rerum eum recusandae ex iure. Dolorum dolorum mollitia non voluptas qui exercitationem et. Ea quasi ea rerum illum labore.\n\nLaborum ipsam excepturi quasi ut delectus aut adipisci. Qui modi deserunt qui quis nisi aliquam. Voluptas eligendi velit eos accusamus perspiciatis quia ea. Quibusdam qui voluptatem quam est tempora sint inventore voluptas. Et rem explicabo aut qui eos numquam.\n\nId earum recusandae culpa non consequatur est alias. Consequuntur earum molestias expedita natus repellendus deleniti commodi. Possimus temporibus est rem excepturi porro qui. Sit perferendis ex cumque a voluptatum quia vero. Ullam ut aut voluptatem aspernatur.\n\nQui molestiae consequatur officiis. Consequatur et eum quo. Et est minus sunt facilis quo.\n\nMolestiae quis sit repudiandae aut necessitatibus qui. Perferendis hic quasi aut odio.', 3, 1, NULL, '2024-04-04 08:54:22', NULL),
	(37, 'Eos voluptatum non praesentium cum iste dolorem.', 'Tenetur ea quo placeat dicta. Laudantium nam libero fuga repellendus facere enim consequuntur. Voluptatem et eligendi sapiente cum. Quidem rerum ab a illo qui aliquid fuga.\n\nEnim et qui nihil est expedita nihil. Dignissimos deleniti est non consectetur sit ut. Sint perspiciatis sed ut beatae magni.\n\nAb qui praesentium vel. Perspiciatis consequatur ad laborum ut dolorum tenetur accusantium. Expedita consequatur delectus recusandae impedit laboriosam. Rerum et illo quos sed asperiores nesciunt debitis.\n\nDicta perspiciatis cupiditate porro officiis amet animi molestiae voluptatem. Voluptatum possimus veritatis et ad. Commodi totam placeat hic facilis.\n\nAut deleniti quas iure aliquam itaque error. Quam sint odio officiis et voluptatem est eum sed. Modi ratione qui quam ab est.', 3, 1, NULL, '2024-04-02 08:54:22', NULL),
	(38, 'Ipsa non quod laudantium dolores laudantium vel hic et.', 'Esse animi et qui dicta facere veniam. Eaque rem voluptatibus rerum dolor. Voluptatem qui consequuntur ratione minima ut autem animi. Voluptate recusandae eveniet eos rerum. Impedit iure natus aut quia eaque.\n\nIn eos dolor neque sit quo non rem occaecati. Laudantium possimus temporibus doloribus esse ut. Cum voluptatem sequi voluptatibus eos id voluptates et minus. Incidunt doloremque dolores nihil nisi autem corrupti.\n\nVoluptatem rerum cum natus quia culpa a doloribus dolorum. Et iure accusamus reiciendis numquam. Pariatur et corporis nobis voluptatibus itaque quam. Perspiciatis voluptatibus fugiat dolorum praesentium quo sed.\n\nSunt distinctio voluptatem perferendis officia neque placeat quis occaecati. Omnis eos sit officiis dolorem nihil earum. Ipsam possimus soluta qui voluptatem.\n\nRepellendus aliquam asperiores assumenda facere vel qui. Sed sint vel optio esse voluptatum eveniet sed. Architecto et ratione reiciendis numquam et. Iste voluptatem aut ex nesciunt quis distinctio.', 1, 0, NULL, '2024-03-25 08:54:22', NULL),
	(39, 'Dolores a sunt labore quo voluptas.', 'Molestias est et a. Numquam consequatur quam hic natus voluptas unde. Eligendi perspiciatis ut expedita suscipit non nulla. Ad dolores quia illum ea. Nostrum ut et enim non minus corporis.\n\nRepudiandae minima provident porro harum. Maiores eius labore vero.\n\nRerum esse aliquid enim amet totam. Nihil quisquam eos deleniti quod aperiam. Molestiae officiis reiciendis ullam qui tempora accusantium.\n\nBeatae odio dolor earum. Aut earum in vero quae commodi illum et. Placeat in iusto sed natus veritatis ducimus. Dicta quo unde voluptatum qui consequatur et.\n\nIure quam minus eaque libero dolor cumque corrupti. Sapiente dolor quia voluptatem esse id repellendus quaerat. Ut rerum eum aspernatur quo. Aliquid amet ratione quibusdam inventore vitae.', 2, 0, NULL, '2024-04-01 08:54:22', NULL),
	(40, 'Dolorum facilis veniam voluptates ab aut quo tempora voluptatem.', 'Sequi ut earum necessitatibus sunt itaque. Est vitae iste qui eligendi praesentium vitae iste. Numquam omnis voluptas perspiciatis culpa animi dolorum. Amet debitis et assumenda consequatur consequuntur.\n\nAtque optio distinctio accusantium illo. Laboriosam quia exercitationem magni nobis sit accusamus. Quos tempora tempora assumenda inventore voluptatibus.\n\nNon quo enim dolorum quia qui praesentium. A consequatur eum repellat saepe. Fuga ea saepe rerum tempora itaque iure qui in.\n\nDelectus quibusdam veniam suscipit molestiae saepe saepe. Ratione veritatis aut aspernatur. Consequuntur labore quia id itaque cum. Earum quia dolore eum perferendis.\n\nA eveniet aut sed nesciunt ex nemo. Magnam vitae voluptatem odio. Dolores iste officiis sit autem minima et eum. Libero quam porro totam aut incidunt quo quia.', 3, 0, NULL, '2024-04-03 08:54:22', NULL),
	(41, 'Qui et quos similique maiores est aut quia quis.', 'Qui magni sunt temporibus laudantium est quaerat odit. Praesentium incidunt tenetur quam rerum voluptas consequatur sequi. Perspiciatis est beatae cumque cumque iure.\n\nExpedita veritatis aut sed nihil illo veritatis architecto. Dolorem eum nobis excepturi doloremque. Quibusdam rem harum itaque cupiditate rerum velit aperiam debitis.\n\nQuis laboriosam error rem excepturi esse explicabo expedita minima. Est eveniet et debitis rerum laboriosam hic. Repellat possimus ducimus vel illum maiores sapiente asperiores. Error et sed totam tenetur optio amet ea est.\n\nQuas qui et laboriosam officia exercitationem doloremque. Mollitia et suscipit itaque velit. Voluptatem aspernatur ut et dolorem numquam accusantium. Quis ea dicta veniam omnis ut.\n\nPossimus sed adipisci laborum et quo necessitatibus odit. Asperiores perferendis nihil fugiat earum nemo in sunt. Commodi sunt voluptate modi. Ut sint quis est quas minus blanditiis ut.', 3, 1, NULL, '2024-04-09 08:54:22', NULL),
	(42, 'Quo earum officia sapiente totam aliquam.', 'Cupiditate qui eius quo eum. Placeat non beatae est sed. Asperiores et ipsa et.\n\nAb dolor delectus deleniti consequatur sit. Consequatur dolorem aspernatur rerum expedita iste. Eum itaque autem eaque aut delectus. Consectetur velit quis voluptatem inventore unde.\n\nSit alias dolor ut blanditiis. Minus officia quia explicabo et in. Saepe voluptas saepe eveniet et maiores dolores quos ea.\n\nPlaceat vel dignissimos qui tempora aperiam eius voluptatem. Odit ut eos nisi. Cupiditate id dolores animi nihil expedita.\n\nOmnis occaecati occaecati sit accusantium. Qui quaerat in unde minima. Dolorum quia eum laudantium quaerat.', 3, 1, NULL, '2024-04-10 08:54:22', NULL),
	(43, 'Maiores dolores eius ut sunt consequatur saepe in.', 'Quaerat quo sit hic nostrum voluptates blanditiis fuga. Ut corporis quos quo alias distinctio aperiam. Est ut consequuntur dolorem quam dolorem fuga. Voluptas id magni assumenda asperiores quaerat suscipit voluptatem.\n\nQuo ducimus laudantium alias ipsa quam impedit. Rem nostrum aut alias id doloribus quae. Facilis amet error aut sint porro enim sunt. Nemo neque aliquam eos at.\n\nEt magnam aut cumque. Aut exercitationem voluptatum omnis consectetur. Reiciendis fuga rem quam.\n\nQuia nihil qui iure libero perferendis similique. Sed ea repellendus sint distinctio a ut veniam. Eligendi nam omnis voluptatem inventore ut culpa. Dolorem libero perspiciatis non dolore.\n\nEa repellat a similique adipisci dolor. Hic doloremque qui iusto earum impedit velit animi. Et eum dolor ab quidem fugiat velit voluptas.', 2, 1, NULL, '2024-04-14 08:54:22', NULL),
	(44, 'Ea illo voluptas alias maiores.', 'Voluptatem expedita ut dolorem ut ad consequuntur. Nobis commodi sint velit rerum. Consequatur animi fuga qui voluptatibus.\n\nQui sit optio deleniti voluptatem. Aut id aliquid nihil.\n\nLaborum molestias et minus quisquam. Enim inventore laboriosam saepe ipsa. Amet autem excepturi quia exercitationem magni vero.\n\nMolestiae aut maiores provident qui quidem. Commodi dolorem eveniet sint et. Maiores laborum placeat dolorum laudantium aspernatur et. Perferendis consectetur ut consequuntur voluptatem aperiam. Ut laborum asperiores est ad mollitia dolores.\n\nEst magni autem id non quisquam incidunt atque. Ducimus odit enim aut necessitatibus animi expedita. Sint earum eius ipsum sed veniam illum. Explicabo dicta in sed esse et dolorem et. Magni eos alias eum.', 1, 1, NULL, '2024-03-31 08:54:22', NULL),
	(45, 'Sequi eligendi voluptatum voluptatem tempore aliquam.', 'Sed corrupti quod dicta atque recusandae voluptatem consequatur rerum. Nisi voluptas modi dolor velit explicabo.\n\nTempora quasi sit et ratione esse. Ab vero iste voluptates velit dolor voluptatem et autem. Eveniet velit vel laboriosam itaque ea nemo alias.\n\nEst vel laboriosam quae sapiente. Sunt sed repudiandae sed atque dolorem accusantium mollitia.\n\nEt saepe veritatis omnis vel tempore eos. Harum fugiat nihil sit vitae incidunt animi commodi. Animi libero et natus officia at et. Eos recusandae explicabo est praesentium voluptatem. Explicabo maxime rem totam aut repellat voluptas est.\n\nEx omnis perferendis accusamus hic natus. Est officiis quod voluptas temporibus vitae aut. Qui suscipit sit voluptas est. Aliquid recusandae id laudantium dolores magnam explicabo consequatur.', 2, 1, NULL, '2024-04-01 08:54:22', NULL),
	(46, 'Dolorem ea illum incidunt molestiae.', 'Deserunt dolore quibusdam veritatis quo. Quidem repudiandae aliquam quis temporibus sunt et. Eos est fugiat dolore tenetur facere nemo id.\n\nQui ea ut non magnam mollitia et dolorem nam. Adipisci atque vitae id. Et rerum est doloribus eius. Ut reprehenderit dignissimos veritatis totam consectetur beatae.\n\nIpsa dolore corporis sint et iusto. Accusamus et incidunt dicta sed rerum vero sit assumenda.\n\nEst porro aut voluptatem eligendi corporis rem. Temporibus nihil doloremque at similique sapiente. Deleniti dicta provident itaque voluptatem corporis aut.\n\nDignissimos sit tempore et minima non quibusdam. Non pariatur qui sunt ab. Quo praesentium ullam et est suscipit quaerat. Voluptatem voluptatem voluptatem enim.', 2, 0, NULL, '2024-04-14 08:54:22', NULL),
	(47, 'Labore quam placeat deleniti ut exercitationem ut.', 'Quaerat et expedita aut deleniti dolorem ut. Iure quo et similique dignissimos aut. Velit alias nisi sint molestiae quo laboriosam sit. Blanditiis laudantium minima similique qui et in ut.\n\nQui omnis et quia est. Ipsum omnis sint laborum culpa. Vitae aut tenetur dolor id.\n\nOmnis officiis a delectus aliquid. Debitis et similique saepe. Molestiae consequatur id minus qui nemo ut similique.\n\nIn veritatis enim ea error voluptatum sit placeat. Blanditiis est sequi laborum veniam enim. Non beatae et et id eveniet in.\n\nEt alias qui ut dolorem sit beatae. Distinctio cupiditate ut quo facere qui vel. Blanditiis est commodi voluptatem id accusantium. Quibusdam eos quaerat assumenda qui aut.', 3, 0, NULL, '2024-04-17 08:54:22', NULL),
	(48, 'Non necessitatibus sed expedita sit voluptatem.', 'Reprehenderit aut quo officiis optio non asperiores quaerat. Minima quisquam tempora in aliquid.\n\nIllum qui voluptas impedit et voluptas. Et delectus facilis et explicabo natus. Sequi ratione iure et. Consequatur at et dolorem cumque qui repudiandae laboriosam. Minus tempore dolore sint rem est minus.\n\nA molestias quia ab. Soluta neque facilis et repellendus magnam. Quo dolorem dolores dolor cupiditate rerum molestias.\n\nRepellendus nihil placeat voluptatum eos molestiae minus. Explicabo ut impedit fugiat qui. Qui velit cumque harum quidem sed fugit sed. Velit sit ex fugiat tenetur sapiente veniam fugiat sunt.\n\nAmet ut officia quia sit. Quaerat quo iusto vel et. Tempora aut iure vel sunt. Modi qui perspiciatis minus inventore iure sint.', 2, 0, NULL, '2024-03-31 08:54:22', NULL),
	(49, 'Explicabo laborum sint necessitatibus cum aspernatur facere libero.', 'Aut nemo voluptas nihil nobis aut. Inventore ut voluptatem quos voluptatem. Reiciendis doloribus vel quisquam sed commodi hic nemo.\n\nQui cumque soluta voluptatem est et. Qui et enim ut et omnis a. Et quo maiores impedit enim repellendus necessitatibus ullam. Ex illum repellendus delectus mollitia quasi.\n\nEius facilis quaerat qui ut cum. Culpa rerum consectetur iste ut. Velit exercitationem ex dolore et quaerat id vel.\n\nDeserunt maxime praesentium reprehenderit maiores deserunt aut. Est mollitia cum recusandae quia vitae quos non. Nostrum quo voluptatum laborum ea reprehenderit iusto optio ut. Laborum enim error hic nisi ea ratione.\n\nEt qui itaque ea aut consequatur beatae minima. Atque ratione temporibus placeat. Repudiandae magnam qui placeat blanditiis.', 2, 0, NULL, '2024-03-25 08:54:22', NULL),
	(50, 'Voluptate qui asperiores vel architecto in.', 'Vero non consequatur rerum voluptatem ut alias ea sed. Dolores sed deserunt qui.\n\nQui molestiae sit eos qui mollitia veniam quod. Exercitationem tempora magni nihil. Dolorum doloremque itaque aut.\n\nSoluta quod iusto asperiores est. Voluptate modi accusantium et porro alias inventore. Consequatur qui voluptatem dolor ab itaque ut aut. Autem fugiat in omnis accusantium earum.\n\nIllo ea eligendi cum deserunt ullam excepturi. Quos deserunt aspernatur eum qui eligendi id aut deleniti. Eos id nobis quibusdam tempore qui nihil doloremque. Quia nulla sapiente ratione commodi omnis at et.\n\nPorro dicta beatae atque dicta tenetur. Qui culpa velit consectetur non numquam ratione. Optio maxime hic qui velit ut accusamus.', 3, 1, NULL, '2024-04-05 08:54:22', NULL);

-- Dumping structure for table bigdata.table_field
DROP TABLE IF EXISTS `table_field`;
CREATE TABLE IF NOT EXISTS `table_field` (
  `id` bigint unsigned NOT NULL AUTO_INCREMENT,
  `name` varchar(255) COLLATE utf8mb4_unicode_ci NOT NULL,
  `created_at` timestamp NULL DEFAULT NULL,
  `updated_at` timestamp NULL DEFAULT NULL,
  `deleted_at` timestamp NULL DEFAULT NULL,
  PRIMARY KEY (`id`)
) ENGINE=InnoDB AUTO_INCREMENT=4 DEFAULT CHARSET=utf8mb4 COLLATE=utf8mb4_unicode_ci;

-- Dumping data for table bigdata.table_field: ~3 rows (approximately)
DELETE FROM `table_field`;
INSERT INTO `table_field` (`id`, `name`, `created_at`, `updated_at`, `deleted_at`) VALUES
	(1, 'XKLĐ', NULL, NULL, NULL),
	(2, 'Du học', NULL, NULL, NULL),
	(3, 'Du lịch', NULL, NULL, NULL);

-- Dumping structure for table bigdata.table_permission
DROP TABLE IF EXISTS `table_permission`;
CREATE TABLE IF NOT EXISTS `table_permission` (
  `id` bigint unsigned NOT NULL AUTO_INCREMENT,
  `name` varchar(255) COLLATE utf8mb4_unicode_ci NOT NULL,
  `created_at` timestamp NULL DEFAULT NULL,
  `updated_at` timestamp NULL DEFAULT NULL,
  `deleted_at` timestamp NULL DEFAULT NULL,
  PRIMARY KEY (`id`)
) ENGINE=InnoDB DEFAULT CHARSET=utf8mb4 COLLATE=utf8mb4_unicode_ci;

-- Dumping data for table bigdata.table_permission: ~0 rows (approximately)
DELETE FROM `table_permission`;

-- Dumping structure for table bigdata.table_program
DROP TABLE IF EXISTS `table_program`;
CREATE TABLE IF NOT EXISTS `table_program` (
  `id` bigint unsigned NOT NULL AUTO_INCREMENT,
  `name` varchar(255) COLLATE utf8mb4_unicode_ci NOT NULL,
  `start` timestamp NOT NULL,
  `end` timestamp NULL DEFAULT NULL,
  `deleted_at` timestamp NULL DEFAULT NULL,
  `created_at` timestamp NULL DEFAULT NULL,
  `updated_at` timestamp NULL DEFAULT NULL,
  PRIMARY KEY (`id`)
) ENGINE=InnoDB DEFAULT CHARSET=utf8mb4 COLLATE=utf8mb4_unicode_ci;

-- Dumping data for table bigdata.table_program: ~0 rows (approximately)
DELETE FROM `table_program`;

-- Dumping structure for table bigdata.table_role
DROP TABLE IF EXISTS `table_role`;
CREATE TABLE IF NOT EXISTS `table_role` (
  `id` bigint unsigned NOT NULL AUTO_INCREMENT,
  `name` varchar(255) COLLATE utf8mb4_unicode_ci NOT NULL,
  `created_at` timestamp NULL DEFAULT NULL,
  `updated_at` timestamp NULL DEFAULT NULL,
  `deleted_at` timestamp NULL DEFAULT NULL,
  PRIMARY KEY (`id`)
) ENGINE=InnoDB AUTO_INCREMENT=4 DEFAULT CHARSET=utf8mb4 COLLATE=utf8mb4_unicode_ci;

-- Dumping data for table bigdata.table_role: ~3 rows (approximately)
DELETE FROM `table_role`;
INSERT INTO `table_role` (`id`, `name`, `created_at`, `updated_at`, `deleted_at`) VALUES
	(1, 'Admin', NULL, NULL, NULL),
	(2, 'Leader', NULL, NULL, NULL),
	(3, 'Sales', NULL, NULL, NULL);

-- Dumping structure for table bigdata.table_role_per
DROP TABLE IF EXISTS `table_role_per`;
CREATE TABLE IF NOT EXISTS `table_role_per` (
  `role_id` bigint unsigned NOT NULL,
  `per_id` bigint unsigned NOT NULL,
  KEY `table_role_per_role_id_foreign` (`role_id`),
  KEY `table_role_per_per_id_foreign` (`per_id`),
  CONSTRAINT `table_role_per_per_id_foreign` FOREIGN KEY (`per_id`) REFERENCES `table_permission` (`id`),
  CONSTRAINT `table_role_per_role_id_foreign` FOREIGN KEY (`role_id`) REFERENCES `table_role` (`id`)
) ENGINE=InnoDB DEFAULT CHARSET=utf8mb4 COLLATE=utf8mb4_unicode_ci;

-- Dumping data for table bigdata.table_role_per: ~0 rows (approximately)
DELETE FROM `table_role_per`;

-- Dumping structure for table bigdata.table_sms
DROP TABLE IF EXISTS `table_sms`;
CREATE TABLE IF NOT EXISTS `table_sms` (
  `id` bigint unsigned NOT NULL AUTO_INCREMENT,
  `content` text COLLATE utf8mb4_unicode_ci NOT NULL,
  `created_at` timestamp NULL DEFAULT NULL,
  `updated_at` timestamp NULL DEFAULT NULL,
  `deleted_at` timestamp NULL DEFAULT NULL,
  PRIMARY KEY (`id`)
) ENGINE=InnoDB DEFAULT CHARSET=utf8mb4 COLLATE=utf8mb4_unicode_ci;

-- Dumping data for table bigdata.table_sms: ~0 rows (approximately)
DELETE FROM `table_sms`;

-- Dumping structure for table bigdata.table_submit
DROP TABLE IF EXISTS `table_submit`;
CREATE TABLE IF NOT EXISTS `table_submit` (
  `id` bigint unsigned NOT NULL AUTO_INCREMENT,
  `name` varchar(255) COLLATE utf8mb4_unicode_ci NOT NULL,
  `phone` varchar(255) COLLATE utf8mb4_unicode_ci NOT NULL,
  `email` varchar(255) COLLATE utf8mb4_unicode_ci NOT NULL,
  `description` varchar(255) COLLATE utf8mb4_unicode_ci NOT NULL,
  `fld_id` bigint unsigned NOT NULL,
  `cty_id` bigint unsigned NOT NULL,
  `deleted_at` timestamp NULL DEFAULT NULL,
  `created_at` timestamp NULL DEFAULT NULL,
  `updated_at` timestamp NULL DEFAULT NULL,
  PRIMARY KEY (`id`),
  UNIQUE KEY `table_submit_phone_unique` (`phone`),
  UNIQUE KEY `table_submit_email_unique` (`email`),
  KEY `table_submit_fld_id_foreign` (`fld_id`),
  KEY `table_submit_cty_id_foreign` (`cty_id`),
  CONSTRAINT `table_submit_cty_id_foreign` FOREIGN KEY (`cty_id`) REFERENCES `table_country` (`id`),
  CONSTRAINT `table_submit_fld_id_foreign` FOREIGN KEY (`fld_id`) REFERENCES `table_field` (`id`)
) ENGINE=InnoDB AUTO_INCREMENT=501 DEFAULT CHARSET=utf8mb4 COLLATE=utf8mb4_unicode_ci;

-- Dumping data for table bigdata.table_submit: ~500 rows (approximately)
DELETE FROM `table_submit`;
INSERT INTO `table_submit` (`id`, `name`, `phone`, `email`, `description`, `fld_id`, `cty_id`, `deleted_at`, `created_at`, `updated_at`) VALUES
	(1, 'Keaton Jacobi', '+1 (810) 495-3213', 'berge.johnson@gmail.com', 'Voluptas veniam aut ratione quas tempora dolorum libero.', 1, 2, NULL, '2024-04-06 08:54:03', NULL),
	(2, 'Nelle Bradtke', '+1 (762) 507-2506', 'mabelle51@gmail.com', 'Nam itaque necessitatibus rerum dignissimos consequuntur.', 2, 7, NULL, '2024-04-09 08:54:03', NULL),
	(3, 'Joanny Howell', '(248) 215-2611', 'cbayer@gmail.com', 'Repellendus inventore sapiente doloribus earum sequi voluptatem non.', 2, 6, NULL, '2024-04-05 08:54:03', NULL),
	(4, 'Buford Balistreri', '+1 (213) 651-9450', 'nona.dibbert@hotmail.com', 'Ut itaque ab rerum necessitatibus qui.', 1, 1, NULL, '2024-04-16 08:54:03', NULL),
	(5, 'Lillie Larkin', '(341) 212-2169', 'cjast@heathcote.com', 'Consequuntur sint voluptatem modi facere.', 1, 5, NULL, '2024-04-10 08:54:03', NULL),
	(6, 'Norris Mosciski', '360-599-7468', 'madams@gmail.com', 'Impedit neque voluptas architecto et.', 3, 2, NULL, '2024-04-07 08:54:03', NULL),
	(7, 'Kristoffer Russel', '+1-618-423-4090', 'micaela.reynolds@mohr.com', 'Aut voluptates iure rerum et quidem.', 1, 6, NULL, '2024-03-24 08:54:03', NULL),
	(8, 'Dr. Brad Stracke', '(815) 428-9096', 'barton.lisandro@treutel.biz', 'Quia aperiam quo voluptatum.', 3, 2, NULL, '2024-04-03 08:54:03', NULL),
	(9, 'Alaina Lakin', '1-458-296-7921', 'weissnat.destinee@stark.com', 'Possimus mollitia doloribus est.', 3, 4, NULL, '2024-03-28 08:54:03', NULL),
	(10, 'Aleen Sanford PhD', '+1-743-728-8973', 'consuelo78@hotmail.com', 'Similique commodi dolor qui illum velit.', 3, 2, NULL, '2024-04-18 08:54:03', NULL),
	(11, 'Paris Prohaska', '+1 (845) 633-7303', 'bergnaum.johnathon@yahoo.com', 'Cupiditate qui accusantium et.', 1, 3, NULL, '2024-04-06 08:54:03', NULL),
	(12, 'Eleazar Ondricka', '+18642207989', 'alyce79@leuschke.net', 'Earum est debitis eum sit est sed ex.', 1, 6, NULL, '2024-04-15 08:54:03', NULL),
	(13, 'Marco Klocko', '765.788.3707', 'aidan78@renner.com', 'Voluptatem et eos temporibus.', 1, 2, NULL, '2024-04-04 08:54:03', NULL),
	(14, 'Mrs. Ciara Fadel I', '1-734-865-6387', 'lennie.hagenes@gmail.com', 'Aperiam blanditiis id atque corporis et.', 2, 5, NULL, '2024-03-27 08:54:03', NULL),
	(15, 'Austyn Schultz', '+18323604457', 'darian62@lynch.info', 'Error iusto illo et.', 3, 6, NULL, '2024-04-09 08:54:03', NULL),
	(16, 'Mr. Bart Parisian Sr.', '478-789-1960', 'amya59@gmail.com', 'Officiis ut culpa hic quia nostrum delectus unde eos.', 1, 7, NULL, '2024-04-13 08:54:03', NULL),
	(17, 'Dandre Blanda', '925.794.6815', 'slakin@hammes.com', 'Unde facere ex officia.', 3, 1, NULL, '2024-04-03 08:54:03', NULL),
	(18, 'Myrtis Predovic', '779-467-9583', 'corene79@yahoo.com', 'Quas voluptatem et mollitia consequuntur autem ullam doloribus.', 3, 3, NULL, '2024-04-13 08:54:03', NULL),
	(19, 'Pascale Stehr', '+1-813-225-4574', 'koelpin.eula@ruecker.com', 'Cumque saepe ducimus atque vel ea est.', 3, 5, NULL, '2024-04-07 08:54:03', NULL),
	(20, 'Dr. Efren Tromp MD', '+1.515.804.2796', 'dwaelchi@will.com', 'Ut qui magnam eveniet accusamus harum aut id libero.', 1, 7, NULL, '2024-04-08 08:54:03', NULL),
	(21, 'Margot Carroll', '269-855-3000', 'christ.jacobson@yahoo.com', 'Rerum non aut at rerum.', 2, 5, NULL, '2024-04-03 08:54:03', NULL),
	(22, 'Prof. Rene Gerhold', '1-305-806-3915', 'eileen.ruecker@gmail.com', 'Deserunt eius non sunt sit est.', 3, 4, NULL, '2024-04-03 08:54:03', NULL),
	(23, 'Zackery Littel', '+1.850.231.7750', 'nolan.glennie@bashirian.biz', 'Praesentium facere aut numquam itaque pariatur.', 3, 2, NULL, '2024-04-17 08:54:03', NULL),
	(24, 'Anibal Graham', '364.269.7856', 'edwin.moore@gmail.com', 'Exercitationem deleniti dolores iure reiciendis.', 3, 4, NULL, '2024-04-12 08:54:03', NULL),
	(25, 'Hal Wilderman PhD', '+1 (979) 419-4639', 'ecrona@yahoo.com', 'Atque voluptatibus beatae corrupti perferendis dignissimos quasi quisquam.', 3, 6, NULL, '2024-04-08 08:54:03', NULL),
	(26, 'June Kohler', '+1 (234) 632-5070', 'connie63@hotmail.com', 'Sunt est dicta aspernatur eos ut ad.', 3, 5, NULL, '2024-04-08 08:54:04', NULL),
	(27, 'Leatha Quigley', '+1-520-545-0783', 'grady.donavon@hotmail.com', 'Consequatur esse nihil saepe voluptate dolores quos pariatur accusamus.', 2, 1, NULL, '2024-04-16 08:54:04', NULL),
	(28, 'Jaron Stamm Jr.', '252-904-5683', 'talia.shields@adams.com', 'Rerum mollitia expedita impedit tempore.', 3, 4, NULL, '2024-04-07 08:54:04', NULL),
	(29, 'Dora Yost III', '+1-419-200-1195', 'runolfsson.mozelle@kovacek.com', 'Neque eum deserunt est aut ea iusto est excepturi.', 2, 6, NULL, '2024-03-31 08:54:04', NULL),
	(30, 'Miss Clementine Powlowski I', '1-681-235-5610', 'maud81@hotmail.com', 'Magnam tenetur et dolore ratione in ut exercitationem aperiam.', 1, 3, NULL, '2024-03-23 08:54:04', NULL),
	(31, 'Della Marquardt I', '+1-312-520-1598', 'murphy.trever@gmail.com', 'Est saepe omnis cupiditate cum quam harum et.', 3, 7, NULL, '2024-04-16 08:54:04', NULL),
	(32, 'Prof. Arnulfo Bins II', '+1-919-327-6615', 'heller.keshaun@trantow.com', 'Modi harum nam omnis sint esse itaque nisi illum.', 1, 4, NULL, '2024-03-28 08:54:04', NULL),
	(33, 'Dr. Mariela Torphy', '+1-703-673-8913', 'uhill@hotmail.com', 'Et consequuntur quo recusandae consequatur et non alias.', 1, 3, NULL, '2024-03-22 08:54:04', NULL),
	(34, 'Mr. Dedric Ullrich', '+1.234.215.6271', 'natalie.prosacco@hotmail.com', 'Rem quisquam dicta accusamus hic assumenda incidunt consectetur.', 1, 6, NULL, '2024-03-27 08:54:04', NULL),
	(35, 'Gerard Tremblay', '678.478.6163', 'kuphal.alexa@bosco.com', 'Et doloribus quis minus ducimus aperiam.', 3, 6, NULL, '2024-03-30 08:54:04', NULL),
	(36, 'Eileen Adams', '646-992-9595', 'grant.mireya@rau.biz', 'Autem velit facilis et porro.', 3, 3, NULL, '2024-04-10 08:54:04', NULL),
	(37, 'Eudora Runolfsson', '910-847-9456', 'maggio.trudie@watsica.com', 'Fugit sunt voluptates aliquam soluta.', 1, 7, NULL, '2024-04-12 08:54:04', NULL),
	(38, 'Ophelia Hessel', '(865) 371-2965', 'jonathan.schroeder@prohaska.info', 'Sapiente ad et consequatur vel occaecati architecto.', 3, 7, NULL, '2024-04-07 08:54:04', NULL),
	(39, 'Frida Harber', '+1.570.378.5467', 'deckow.lillie@simonis.com', 'Eos vel corrupti velit dolorem.', 1, 3, NULL, '2024-04-18 08:54:04', NULL),
	(40, 'Waylon Spencer', '1-231-422-4192', 'elissa.bode@effertz.net', 'Repellendus minima laboriosam veritatis ut sunt ullam.', 1, 2, NULL, '2024-03-29 08:54:04', NULL),
	(41, 'Mr. Toy Effertz DVM', '+1.347.441.0496', 'kiley14@hotmail.com', 'Ad voluptas ipsa assumenda voluptatem similique.', 2, 6, NULL, '2024-03-31 08:54:04', NULL),
	(42, 'Lora Powlowski', '407-832-3217', 'xlindgren@schmidt.info', 'Aperiam est qui eos libero fuga.', 1, 4, NULL, '2024-04-04 08:54:04', NULL),
	(43, 'Buster Wisozk', '+1.860.222.4617', 'morar.astrid@roberts.com', 'Molestias nihil aut ducimus et.', 3, 3, NULL, '2024-03-26 08:54:04', NULL),
	(44, 'Krystina Hoeger', '848.746.8881', 'jast.rolando@hotmail.com', 'Quaerat aut rem laudantium totam voluptatum ex aut.', 3, 6, NULL, '2024-04-07 08:54:04', NULL),
	(45, 'Josie Hudson', '352-667-2571', 'fgreen@ratke.com', 'Blanditiis tempore fugiat molestias odit laborum qui.', 3, 5, NULL, '2024-04-06 08:54:04', NULL),
	(46, 'Karl Blanda', '+1.929.456.7863', 'gerda.strosin@gmail.com', 'Iste velit velit eum ea.', 3, 3, NULL, '2024-03-29 08:54:04', NULL),
	(47, 'Dr. Antoinette Kutch', '1-408-862-3864', 'satterfield.mittie@funk.com', 'Consectetur dolorum libero accusantium impedit ipsum est pariatur.', 2, 1, NULL, '2024-03-28 08:54:04', NULL),
	(48, 'Dr. Adalberto Hudson', '870-418-8295', 'lowe.belle@cruickshank.com', 'Deserunt provident consequatur sint fugit ut magni.', 3, 7, NULL, '2024-04-07 08:54:04', NULL),
	(49, 'Maureen Kihn', '+1 (501) 406-0716', 'kdach@gmail.com', 'Qui et non ea animi reprehenderit tempore.', 2, 6, NULL, '2024-03-26 08:54:04', NULL),
	(50, 'Leila Langworth', '(424) 521-4060', 'henderson.mosciski@yahoo.com', 'Omnis doloribus molestiae sit temporibus modi itaque earum.', 2, 7, NULL, '2024-03-21 08:54:04', NULL),
	(51, 'Mrs. Pattie Bernier Jr.', '+17853410606', 'justus56@gmail.com', 'Facere et soluta nihil quod.', 2, 5, NULL, '2024-04-01 08:54:04', NULL),
	(52, 'Rasheed Cummerata III', '(248) 382-2798', 'lucio89@gmail.com', 'Sit sit facere debitis est quo.', 1, 7, NULL, '2024-04-13 08:54:04', NULL),
	(53, 'Meredith Dicki DDS', '1-661-682-4892', 'jordane.harvey@yahoo.com', 'Ut eos voluptatem eum eum voluptatem et.', 1, 7, NULL, '2024-04-07 08:54:04', NULL),
	(54, 'Mr. Bryce Pouros DDS', '(518) 993-2309', 'myrtice22@yahoo.com', 'Accusamus fuga voluptatem est.', 2, 3, NULL, '2024-04-12 08:54:05', NULL),
	(55, 'Prof. Lesley Considine', '1-651-576-6797', 'quincy.brekke@hotmail.com', 'Quia et impedit eligendi aut expedita recusandae.', 2, 2, NULL, '2024-04-11 08:54:05', NULL),
	(56, 'Kaden McKenzie DDS', '(770) 250-9634', 'ofarrell@gmail.com', 'Beatae earum impedit labore autem eum ut ducimus ut.', 1, 7, NULL, '2024-03-22 08:54:05', NULL),
	(57, 'Halle Cummings', '+19167177797', 'sigrid.rath@gmail.com', 'Maxime rerum sunt quod.', 1, 5, NULL, '2024-03-31 08:54:05', NULL),
	(58, 'Kenyatta Heller', '216.779.4752', 'homenick.dariana@morissette.net', 'Sunt quae enim delectus eum eius optio qui.', 3, 1, NULL, '2024-03-21 08:54:05', NULL),
	(59, 'Prof. Aleen Okuneva', '(913) 308-8227', 'laurel.connelly@yahoo.com', 'Id sed eum consequuntur occaecati quis iusto.', 3, 2, NULL, '2024-04-07 08:54:05', NULL),
	(60, 'Dr. Alvis Kovacek', '(757) 605-9538', 'alyson.carroll@hotmail.com', 'Ut qui voluptas exercitationem minima ut aliquid id.', 2, 4, NULL, '2024-03-26 08:54:05', NULL),
	(61, 'Deven Langosh Sr.', '(743) 403-7687', 'grutherford@collins.com', 'Voluptatum id ad dolore et iure.', 2, 5, NULL, '2024-04-17 08:54:05', NULL),
	(62, 'Bobbie Crona', '1-651-706-9752', 'schaden.guillermo@gibson.com', 'Quia dolores nihil et nihil et.', 1, 7, NULL, '2024-04-03 08:54:05', NULL),
	(63, 'Ms. Nicole Herzog PhD', '1-779-976-3522', 'enos.kris@hotmail.com', 'Ab omnis earum quis iste sit nemo autem.', 1, 6, NULL, '2024-04-10 08:54:05', NULL),
	(64, 'Wilhelmine Johnston', '743-970-0010', 'dicki.mae@gmail.com', 'Fuga vitae et recusandae iste nostrum est ut.', 3, 2, NULL, '2024-03-31 08:54:05', NULL),
	(65, 'Mariah Hilpert', '(580) 816-6104', 'aglae.rolfson@hotmail.com', 'Molestiae repellendus voluptatem harum inventore.', 1, 5, NULL, '2024-04-09 08:54:05', NULL),
	(66, 'Lacy Zulauf', '206-812-7168', 'nolan58@gmail.com', 'Sequi explicabo aut corrupti dolorem voluptates.', 2, 6, NULL, '2024-03-26 08:54:05', NULL),
	(67, 'Margaretta Kshlerin', '+15674615006', 'dayana20@hotmail.com', 'Quia et vitae rerum rem dolores.', 2, 1, NULL, '2024-04-05 08:54:05', NULL),
	(68, 'Branson Lesch', '1-216-310-3020', 'boris88@yahoo.com', 'Rerum est fugit possimus est ut.', 3, 7, NULL, '2024-03-21 08:54:05', NULL),
	(69, 'Furman Jenkins', '585.682.6563', 'hritchie@osinski.com', 'Dolorem exercitationem et rerum pariatur suscipit autem accusantium.', 3, 6, NULL, '2024-04-01 08:54:05', NULL),
	(70, 'Wendy Anderson', '+1.424.906.4207', 'viola67@gmail.com', 'Quas qui et modi accusantium soluta.', 3, 6, NULL, '2024-03-21 08:54:05', NULL),
	(71, 'Camille Block', '+1-646-584-4155', 'jade05@gorczany.biz', 'Nulla possimus minima voluptatum et ut eligendi.', 3, 6, NULL, '2024-04-10 08:54:05', NULL),
	(72, 'Conor Shields', '(986) 993-3615', 'aufderhar.haleigh@gmail.com', 'Vel nesciunt aut nihil suscipit.', 1, 1, NULL, '2024-04-01 08:54:05', NULL),
	(73, 'Darian Gaylord', '+1 (808) 980-0658', 'claire.medhurst@gmail.com', 'Quia iure neque quos eos.', 2, 4, NULL, '2024-04-11 08:54:05', NULL),
	(74, 'Keshawn Bradtke', '847.458.1517', 'leland.tremblay@hotmail.com', 'Distinctio animi iure autem aut non dolores.', 2, 5, NULL, '2024-04-15 08:54:05', NULL),
	(75, 'Gina Gerhold PhD', '1-515-468-7895', 'karlie57@gmail.com', 'Expedita laborum velit itaque reiciendis quis et.', 1, 5, NULL, '2024-04-02 08:54:05', NULL),
	(76, 'Mr. Winfield Denesik', '+1.435.839.5155', 'sgusikowski@dach.com', 'Dignissimos suscipit quia laborum vel consequatur et exercitationem.', 1, 6, NULL, '2024-04-08 08:54:05', NULL),
	(77, 'Mrs. Shaniya Weissnat', '+1 (518) 561-9966', 'ebba.runolfsson@labadie.com', 'Nulla quaerat at adipisci odio id velit doloribus.', 3, 6, NULL, '2024-04-11 08:54:05', NULL),
	(78, 'Tia Rice', '+1.908.701.3221', 'pcole@west.com', 'Aperiam rerum eveniet et earum reiciendis.', 3, 3, NULL, '2024-04-17 08:54:05', NULL),
	(79, 'Jamie Kovacek IV', '(470) 552-8580', 'srenner@hotmail.com', 'Molestiae fugit dolor amet ratione qui similique.', 3, 3, NULL, '2024-04-02 08:54:05', NULL),
	(80, 'Crystal Fay III', '1-341-816-0605', 'alison16@hotmail.com', 'Et molestiae cupiditate quasi quia ut quia cum.', 3, 1, NULL, '2024-04-06 08:54:05', NULL),
	(81, 'Dr. Reanna Feil', '+1-272-668-0039', 'adrianna34@legros.com', 'Dolores temporibus sed vitae magnam.', 3, 4, NULL, '2024-04-01 08:54:05', NULL),
	(82, 'Niko Kuphal', '(520) 794-3875', 'ruby56@yahoo.com', 'Omnis dolor distinctio quis et aut.', 2, 2, NULL, '2024-04-12 08:54:05', NULL),
	(83, 'Orpha Roob', '(517) 696-3205', 'dickinson.dangelo@hotmail.com', 'Et illo consequuntur sit sed.', 1, 1, NULL, '2024-04-08 08:54:05', NULL),
	(84, 'Prof. Malachi Cormier', '575.548.9308', 'beatty.gavin@mccullough.com', 'Eveniet nihil dolor velit officiis earum laboriosam tenetur.', 1, 6, NULL, '2024-03-31 08:54:06', NULL),
	(85, 'Margot Zemlak Sr.', '+1-469-429-6712', 'schowalter.casimir@balistreri.info', 'Maxime eaque cupiditate quas architecto et voluptas eveniet.', 1, 5, NULL, '2024-04-03 08:54:06', NULL),
	(86, 'Betsy Aufderhar', '352-481-5820', 'earnestine.crist@hotmail.com', 'Aut quos minus eum nesciunt recusandae qui.', 2, 4, NULL, '2024-03-25 08:54:06', NULL),
	(87, 'Prof. Cathy Anderson Jr.', '706-203-5594', 'amir.kilback@yahoo.com', 'Quasi rerum ut ea hic accusantium rerum facilis alias.', 1, 1, NULL, '2024-04-14 08:54:06', NULL),
	(88, 'Dr. Jarret Crist Jr.', '1-256-603-9690', 'celestine07@yahoo.com', 'Dolorem ullam laudantium dolor dolorem ipsam aliquid.', 1, 5, NULL, '2024-03-29 08:54:06', NULL),
	(89, 'Prof. Hector Nicolas', '708.248.5771', 'morar.christiana@olson.com', 'Sint aut sunt animi non nihil accusantium.', 3, 4, NULL, '2024-03-29 08:54:06', NULL),
	(90, 'Miss Caitlyn Corkery Sr.', '+1-941-216-0864', 'jyundt@yahoo.com', 'Magnam consequatur temporibus sint porro cupiditate dolorem.', 3, 6, NULL, '2024-03-27 08:54:06', NULL),
	(91, 'Harmony Connelly', '952.627.3648', 'rberge@okeefe.com', 'Sit voluptatem est ea unde possimus illo voluptatem.', 1, 7, NULL, '2024-04-09 08:54:06', NULL),
	(92, 'Prof. Malachi Harris II', '689.542.8120', 'gretchen.hyatt@windler.org', 'Eveniet quisquam quia consequuntur et provident.', 3, 1, NULL, '2024-03-26 08:54:06', NULL),
	(93, 'Chris Von MD', '+1 (325) 981-1234', 'theresia.walsh@osinski.com', 'Facilis quibusdam ipsa et fuga id possimus.', 1, 5, NULL, '2024-04-13 08:54:06', NULL),
	(94, 'Miss Dasia Kautzer V', '847.764.1726', 'alverta.gottlieb@yahoo.com', 'Et veniam dignissimos assumenda tempore culpa quam inventore.', 2, 2, NULL, '2024-03-20 08:54:06', NULL),
	(95, 'Mrs. Emilia Powlowski I', '952-243-4201', 'toney59@yahoo.com', 'Expedita in distinctio vel sequi debitis vel id.', 1, 3, NULL, '2024-04-06 08:54:06', NULL),
	(96, 'Ms. Leola Gibson', '+1-564-291-6607', 'haag.michale@swaniawski.com', 'Inventore ex nam rerum qui voluptatem sapiente asperiores officia.', 3, 7, NULL, '2024-04-11 08:54:06', NULL),
	(97, 'Remington Barrows', '(718) 432-3189', 'schoen.roxanne@gerlach.com', 'Ea nihil libero doloribus architecto porro dignissimos.', 2, 1, NULL, '2024-04-08 08:54:06', NULL),
	(98, 'Fritz Daugherty', '1-260-398-1169', 'yspinka@hotmail.com', 'Voluptatibus et occaecati quod maiores ut.', 3, 7, NULL, '2024-04-02 08:54:06', NULL),
	(99, 'Daren Tromp MD', '+1-231-723-1261', 'bjohnson@gmail.com', 'Qui est sed omnis.', 3, 4, NULL, '2024-03-27 08:54:06', NULL),
	(100, 'Magnus Howe', '+1.540.355.1319', 'nicole72@ratke.biz', 'Aliquam sequi facilis sunt qui.', 2, 4, NULL, '2024-03-21 08:54:06', NULL),
	(101, 'Omer Willms MD', '+1-337-965-3057', 'marlee09@swaniawski.com', 'Non voluptatem temporibus dolore est quasi.', 3, 3, NULL, '2024-04-03 08:54:06', NULL),
	(102, 'Edyth Cummings', '+1.408.281.9921', 'cristopher.johns@koch.info', 'Incidunt ad accusantium atque ipsa.', 1, 7, NULL, '2024-04-03 08:54:06', NULL),
	(103, 'Alexa Green', '(930) 408-3236', 'bnienow@gmail.com', 'Ex quia quod ut voluptatibus labore accusamus.', 1, 6, NULL, '2024-03-28 08:54:06', NULL),
	(104, 'Kelley Kihn', '+1-779-924-1746', 'ufritsch@hotmail.com', 'Ut delectus sapiente ut et ea velit.', 3, 3, NULL, '2024-03-29 08:54:06', NULL),
	(105, 'Miss Loyce Greenfelder PhD', '+1 (757) 672-8746', 'hermann.gilberto@gmail.com', 'Veniam cum qui aut alias architecto vero atque debitis.', 3, 6, NULL, '2024-03-28 08:54:06', NULL),
	(106, 'Tianna Prohaska', '570.455.6005', 'ledner.zakary@yahoo.com', 'Maxime dolores ratione deserunt doloremque.', 2, 4, NULL, '2024-04-04 08:54:06', NULL),
	(107, 'Mr. Gideon Spencer DVM', '661.533.2565', 'tito24@wiza.com', 'Dolores saepe doloribus distinctio minima sit.', 1, 5, NULL, '2024-03-27 08:54:06', NULL),
	(108, 'Raven Kerluke', '212.822.1982', 'emelie.wunsch@hotmail.com', 'Eos deserunt quibusdam unde perspiciatis culpa doloribus voluptate.', 2, 5, NULL, '2024-03-26 08:54:06', NULL),
	(109, 'Delaney Runte', '424.684.7908', 'feeney.henriette@yahoo.com', 'Dolor ut et eveniet in.', 3, 2, NULL, '2024-03-29 08:54:06', NULL),
	(110, 'Julien Tremblay', '(423) 256-5846', 'paxton62@roob.com', 'Minus consequuntur voluptates dolores ut eveniet ipsum temporibus.', 3, 1, NULL, '2024-04-02 08:54:06', NULL),
	(111, 'Scot Feeney PhD', '440.502.2863', 'angeline.balistreri@gmail.com', 'Quisquam harum saepe dignissimos similique tenetur ut.', 2, 3, NULL, '2024-03-24 08:54:07', NULL),
	(112, 'Clyde Considine', '425.865.6491', 'pdoyle@mitchell.com', 'Velit esse eum sit in in sit.', 2, 1, NULL, '2024-04-16 08:54:07', NULL),
	(113, 'Lucienne Corkery', '283-312-8144', 'bernie18@gmail.com', 'Culpa pariatur distinctio quam quod recusandae ullam voluptatem.', 2, 6, NULL, '2024-04-02 08:54:07', NULL),
	(114, 'Miss Marie Howell DDS', '+15519212981', 'gconsidine@stracke.net', 'Dolorem molestiae est blanditiis voluptas.', 2, 5, NULL, '2024-04-06 08:54:07', NULL),
	(115, 'Dorothy Pouros', '+1-325-854-7213', 'gshanahan@beier.com', 'Laboriosam ut error porro non tempore fugit sed quam.', 1, 5, NULL, '2024-03-25 08:54:07', NULL),
	(116, 'Reyna Klocko', '+1.646.374.4411', 'ogrady@ullrich.net', 'Aliquam aut rerum delectus voluptatum.', 1, 7, NULL, '2024-04-03 08:54:07', NULL),
	(117, 'Cornelius Kris', '(732) 204-2848', 'giuseppe18@yahoo.com', 'Recusandae aut omnis perspiciatis eius quia nostrum.', 1, 7, NULL, '2024-04-08 08:54:07', NULL),
	(118, 'Prof. Sally Green V', '+1-680-698-5917', 'russell.strosin@boyle.com', 'Quia incidunt iusto molestiae voluptatem cum.', 3, 6, NULL, '2024-03-20 08:54:07', NULL),
	(119, 'Chester Haley', '+1-559-669-8400', 'bfeeney@hotmail.com', 'Harum magnam sint accusantium occaecati et.', 3, 6, NULL, '2024-03-27 08:54:07', NULL),
	(120, 'Frida Mertz V', '1-831-487-6072', 'cara.graham@conroy.com', 'Sunt officiis doloremque adipisci ratione tempore.', 1, 2, NULL, '2024-03-30 08:54:07', NULL),
	(121, 'Abe Balistreri', '+1-504-823-4702', 'markus.mckenzie@torp.com', 'Occaecati ut recusandae id accusantium quis quos alias.', 2, 7, NULL, '2024-03-29 08:54:07', NULL),
	(122, 'Nicolette McKenzie', '1-361-468-8122', 'yrolfson@hartmann.org', 'Odit harum reprehenderit beatae aut quidem illum voluptates.', 1, 6, NULL, '2024-04-13 08:54:07', NULL),
	(123, 'Ms. Ursula Effertz IV', '1-912-277-7142', 'willms.shannon@gmail.com', 'Dolor nobis voluptas fugiat sed omnis cum beatae beatae.', 1, 3, NULL, '2024-04-18 08:54:07', NULL),
	(124, 'Telly Abbott', '878-430-4822', 'joanne.zulauf@gmail.com', 'Commodi est vero id reprehenderit et vitae.', 2, 4, NULL, '2024-03-27 08:54:07', NULL),
	(125, 'Mr. Dion Leuschke III', '770.500.0565', 'terrill.kunde@torp.com', 'Tempore quo accusantium autem perferendis quo eius voluptas autem.', 3, 5, NULL, '2024-04-13 08:54:07', NULL),
	(126, 'Reuben Kovacek', '1-979-802-8170', 'kbode@langworth.net', 'Et natus et incidunt aut quisquam voluptates.', 3, 2, NULL, '2024-04-14 08:54:07', NULL),
	(127, 'Oma Larson', '(341) 457-1963', 'phyllis67@gmail.com', 'Soluta dolorum optio reprehenderit quidem.', 3, 3, NULL, '2024-04-14 08:54:07', NULL),
	(128, 'Lottie Schuster', '+1-731-305-5304', 'litzy.stracke@koepp.info', 'Aut velit sunt molestiae quidem omnis.', 2, 6, NULL, '2024-04-16 08:54:07', NULL),
	(129, 'Alexys Haag I', '(325) 669-4420', 'davion.bednar@hotmail.com', 'Optio et suscipit et nobis adipisci.', 2, 4, NULL, '2024-04-01 08:54:07', NULL),
	(130, 'Michele Glover', '+12523726819', 'ashlynn01@sipes.net', 'Suscipit enim animi aut est dolorem nihil neque.', 2, 2, NULL, '2024-03-28 08:54:07', NULL),
	(131, 'Miss Antonietta Corwin', '1-726-227-9574', 'tolson@rosenbaum.net', 'Quia tenetur molestiae voluptatibus voluptatem id.', 1, 3, NULL, '2024-03-28 08:54:07', NULL),
	(132, 'Katlynn Ryan III', '1-402-717-0611', 'bert34@gmail.com', 'Voluptatum minima ducimus odit eum praesentium.', 1, 1, NULL, '2024-03-21 08:54:07', NULL),
	(133, 'Hardy Hermann', '+1.303.954.6297', 'gerry.lehner@yahoo.com', 'Delectus nobis qui itaque quis.', 3, 2, NULL, '2024-04-15 08:54:07', NULL),
	(134, 'Sonia Runolfsson', '+1 (323) 453-4879', 'green.keith@gmail.com', 'Dolore rerum blanditiis voluptatem omnis.', 3, 7, NULL, '2024-03-21 08:54:07', NULL),
	(135, 'Jules Conroy', '484.729.2091', 'wilfredo97@sawayn.com', 'Consequuntur dolorem odit debitis ab.', 1, 3, NULL, '2024-03-27 08:54:07', NULL),
	(136, 'Zelda Auer', '+17252631294', 'leffler.destini@hotmail.com', 'Quia voluptatem atque reiciendis a.', 2, 4, NULL, '2024-04-01 08:54:07', NULL),
	(137, 'Prof. Oswaldo Greenfelder', '+1.689.797.3860', 'amara.schaefer@littel.net', 'Deserunt non nobis illum earum.', 3, 6, NULL, '2024-04-10 08:54:07', NULL),
	(138, 'Burdette Hintz', '912-321-2967', 'aebert@gmail.com', 'Est dignissimos possimus consequatur in sequi.', 3, 7, NULL, '2024-04-11 08:54:07', NULL),
	(139, 'Mrs. Eliza Watsica', '+18702383135', 'larkin.nathan@yahoo.com', 'Voluptas quae cupiditate nostrum qui aut beatae repellat.', 3, 5, NULL, '2024-04-17 08:54:07', NULL),
	(140, 'Leanne Heller I', '458-348-6702', 'brendon56@yahoo.com', 'Excepturi soluta animi repudiandae vel.', 3, 2, NULL, '2024-03-25 08:54:07', NULL),
	(141, 'Francisco Moen IV', '+12283279309', 'aaliyah.hagenes@beatty.com', 'Nulla vel atque rerum iste.', 2, 5, NULL, '2024-04-09 08:54:08', NULL),
	(142, 'Hudson Zboncak', '+1.856.319.7638', 'slegros@hotmail.com', 'Modi debitis asperiores dolores quis delectus enim est occaecati.', 3, 1, NULL, '2024-04-17 08:54:08', NULL),
	(143, 'Clifton Leffler', '(219) 615-7903', 'kole.mckenzie@senger.com', 'Aut quidem quia tempore deserunt enim inventore qui.', 2, 2, NULL, '2024-03-23 08:54:08', NULL),
	(144, 'Miss Emelie Rowe', '(985) 863-7561', 'schoen.yasmine@hotmail.com', 'Quasi accusantium culpa placeat sit aliquid reiciendis occaecati.', 3, 1, NULL, '2024-04-11 08:54:08', NULL),
	(145, 'Virgie Batz', '469.779.6746', 'gia.ryan@yahoo.com', 'Quas commodi dolore eius ullam atque.', 1, 3, NULL, '2024-04-04 08:54:08', NULL),
	(146, 'Ryan Lang', '518-606-2844', 'athena.anderson@hotmail.com', 'Consectetur sunt temporibus et ex quisquam voluptatum nemo.', 2, 2, NULL, '2024-04-02 08:54:08', NULL),
	(147, 'Alford Mayert', '+17475354087', 'koelpin.tiana@gmail.com', 'Recusandae atque officiis quidem similique suscipit vel fuga.', 2, 3, NULL, '2024-04-14 08:54:08', NULL),
	(148, 'Guy Predovic DDS', '726-972-0359', 'anderson.neil@carter.com', 'Hic impedit voluptas qui vel natus accusamus aperiam.', 3, 2, NULL, '2024-03-23 08:54:08', NULL),
	(149, 'Allene Sipes', '+1-240-651-5223', 'gabriella.fahey@hagenes.com', 'In sed adipisci optio placeat.', 1, 6, NULL, '2024-03-22 08:54:08', NULL),
	(150, 'Arne Brown', '1-262-822-8217', 'rylee.bradtke@gmail.com', 'Dolorem sit mollitia cumque perspiciatis quam exercitationem quibusdam.', 1, 4, NULL, '2024-04-18 08:54:08', NULL),
	(151, 'Robb Halvorson', '1-585-631-6445', 'bradtke.gilberto@yahoo.com', 'Laudantium corporis earum voluptatibus.', 3, 4, NULL, '2024-04-08 08:54:08', NULL),
	(152, 'Raphaelle Haley', '1-571-750-3747', 'elmer.torp@lowe.com', 'Soluta aut perspiciatis quia est dolor iste repellat perferendis.', 2, 6, NULL, '2024-03-20 08:54:08', NULL),
	(153, 'Dr. Krystina Greenholt I', '1-703-614-3066', 'kale64@sawayn.org', 'Incidunt cum et optio ducimus non minima.', 2, 2, NULL, '2024-04-16 08:54:08', NULL),
	(154, 'Isaiah Huel', '458.879.4539', 'haley.upton@gmail.com', 'Vitae dolore sed voluptas pariatur dolor.', 3, 6, NULL, '2024-03-23 08:54:08', NULL),
	(155, 'Chester O\'Keefe', '1-920-730-9832', 'marguerite19@kihn.net', 'Rerum maiores vel libero facilis quisquam voluptatum.', 2, 1, NULL, '2024-04-07 08:54:08', NULL),
	(156, 'Gaylord Fay', '986.821.5255', 'addie89@emmerich.com', 'Officia voluptatem nihil quis est voluptatum.', 3, 2, NULL, '2024-04-12 08:54:08', NULL),
	(157, 'Ernestine Fadel', '1-562-769-5340', 'angus68@koss.com', 'Ut incidunt asperiores et aliquam sequi officia dolorem.', 3, 5, NULL, '2024-04-15 08:54:08', NULL),
	(158, 'Frida Herzog', '561.280.8231', 'jadyn.hill@casper.com', 'Sit sequi quasi et reiciendis harum.', 3, 5, NULL, '2024-03-23 08:54:08', NULL),
	(159, 'Kaelyn Harber', '+1-779-933-8008', 'fleta.zulauf@labadie.info', 'Enim earum quia optio reprehenderit.', 1, 3, NULL, '2024-04-15 08:54:08', NULL),
	(160, 'Helmer Satterfield', '+1 (714) 703-9687', 'kwiza@yahoo.com', 'Repellendus et beatae est saepe voluptatum temporibus quisquam modi.', 3, 5, NULL, '2024-04-12 08:54:08', NULL),
	(161, 'Emilia Russel', '1-612-665-2681', 'twolf@gmail.com', 'Minus consequatur nisi quibusdam dolor officiis sit saepe.', 1, 5, NULL, '2024-04-10 08:54:08', NULL),
	(162, 'Patience Gorczany', '+19043140664', 'leslie.effertz@zboncak.net', 'Quas a sint perferendis sunt rerum nobis consequuntur.', 1, 3, NULL, '2024-03-21 08:54:08', NULL),
	(163, 'Dolores Miller', '(657) 738-5557', 'llang@fay.org', 'Voluptatem possimus suscipit aut laboriosam sit illum.', 1, 6, NULL, '2024-04-18 08:54:08', NULL),
	(164, 'Jeanette Gerlach', '209.367.3577', 'ritchie.rachael@gmail.com', 'Reiciendis omnis voluptatibus officia vel.', 1, 4, NULL, '2024-03-22 08:54:09', NULL),
	(165, 'Miss Jade Swift', '+19139605226', 'shyanne73@yahoo.com', 'Rerum quod qui ipsa consequatur rerum.', 3, 3, NULL, '2024-03-27 08:54:09', NULL),
	(166, 'Andy Greenfelder', '1-231-251-1018', 'lucy.ruecker@hotmail.com', 'Nisi debitis eos qui.', 2, 5, NULL, '2024-04-04 08:54:09', NULL),
	(167, 'Estefania Shields', '760-693-9288', 'russel.borer@mills.com', 'Provident sed nemo aperiam.', 1, 3, NULL, '2024-04-01 08:54:09', NULL),
	(168, 'Zakary Krajcik DDS', '1-248-486-7622', 'goodwin.ed@gmail.com', 'Facilis laudantium aut voluptatem itaque qui.', 1, 4, NULL, '2024-03-20 08:54:09', NULL),
	(169, 'Savanah Greenfelder', '+1-458-914-4489', 'thalia.walter@yahoo.com', 'Repellat qui libero nihil in.', 2, 2, NULL, '2024-03-30 08:54:09', NULL),
	(170, 'Shany Bashirian', '+1-636-444-7834', 'marisa17@jacobs.org', 'Totam qui neque fugit nulla ducimus consequuntur enim magnam.', 1, 2, NULL, '2024-04-02 08:54:09', NULL),
	(171, 'Sibyl Sanford DDS', '+14452350580', 'uriel.balistreri@gmail.com', 'Qui laborum cumque corrupti dolore qui.', 1, 3, NULL, '2024-03-21 08:54:09', NULL),
	(172, 'Annalise Swift', '1-620-973-0555', 'bahringer.edgardo@gmail.com', 'Quis atque ut in dolor mollitia esse.', 2, 6, NULL, '2024-04-08 08:54:09', NULL),
	(173, 'Tabitha Brown', '915.777.4988', 'herzog.jo@gmail.com', 'Et molestiae commodi quia minima.', 3, 1, NULL, '2024-03-29 08:54:09', NULL),
	(174, 'Jayne Brown Jr.', '+1-283-542-0972', 'johnathan.gislason@schuppe.info', 'Quaerat tenetur enim unde fugit magni.', 1, 4, NULL, '2024-04-14 08:54:09', NULL),
	(175, 'Isobel Cormier III', '607-257-8246', 'rmurphy@gmail.com', 'Provident eveniet nihil dolorum adipisci sed rerum assumenda.', 2, 7, NULL, '2024-04-11 08:54:09', NULL),
	(176, 'Ms. Tressa Stoltenberg', '646-938-8451', 'gabriella.braun@friesen.com', 'Quaerat nihil id saepe et.', 1, 6, NULL, '2024-03-24 08:54:09', NULL),
	(177, 'Alexa Moore III', '+1-920-415-1826', 'donato31@halvorson.biz', 'Vitae minus fugit ex.', 1, 1, NULL, '2024-03-29 08:54:09', NULL),
	(178, 'Mathias Ratke', '+1 (215) 718-7585', 'micah50@yahoo.com', 'Nihil voluptas natus omnis et.', 3, 1, NULL, '2024-04-12 08:54:09', NULL),
	(179, 'Prof. Vito Krajcik', '+1-956-427-2507', 'dterry@zieme.com', 'Et in explicabo quia qui dolore similique voluptate.', 1, 4, NULL, '2024-04-12 08:54:09', NULL),
	(180, 'Ilene Batz DDS', '973.357.7639', 'fsmitham@hotmail.com', 'Ratione et eum explicabo ex a aut qui.', 2, 7, NULL, '2024-04-13 08:54:09', NULL),
	(181, 'Dr. Eli Heaney', '772-922-1789', 'ethelyn74@yahoo.com', 'Et expedita est quam tempora sint similique porro.', 3, 4, NULL, '2024-04-11 08:54:09', NULL),
	(182, 'Keegan Skiles', '1-415-373-7588', 'vkreiger@gmail.com', 'Delectus eius assumenda alias a explicabo voluptatem.', 1, 1, NULL, '2024-03-30 08:54:09', NULL),
	(183, 'Joanne Quitzon', '860.751.4095', 'parker.alexa@yahoo.com', 'Assumenda officiis cupiditate necessitatibus corrupti reprehenderit.', 2, 3, NULL, '2024-04-03 08:54:09', NULL),
	(184, 'Franco Green', '+17375276113', 'gilda.breitenberg@heaney.com', 'Et expedita architecto perferendis cupiditate non.', 2, 3, NULL, '2024-04-05 08:54:09', NULL),
	(185, 'Franco Wyman', '+1-870-945-1305', 'kylie.rohan@hotmail.com', 'Aut reprehenderit quis excepturi fugiat.', 3, 7, NULL, '2024-04-15 08:54:09', NULL),
	(186, 'Allene Fritsch', '(814) 709-9154', 'alycia.kassulke@gmail.com', 'Tempore velit est expedita perferendis.', 2, 4, NULL, '2024-04-14 08:54:09', NULL),
	(187, 'Aaron Brekke', '+1.831.518.5719', 'geraldine.kautzer@gmail.com', 'Odio dolor consequatur voluptate odit.', 3, 2, NULL, '2024-04-18 08:54:09', NULL),
	(188, 'Raphael Grimes', '+1-458-658-4855', 'jacklyn.lang@lang.com', 'Labore aut placeat qui non et sunt qui est.', 2, 5, NULL, '2024-03-27 08:54:09', NULL),
	(189, 'Katherine Will', '+1-702-877-6247', 'terry.gregorio@gaylord.com', 'Tenetur animi voluptatibus dolorum perspiciatis.', 1, 4, NULL, '2024-03-26 08:54:09', NULL),
	(190, 'Ms. Frieda Pouros', '+14028072491', 'barmstrong@hotmail.com', 'Repellendus consectetur et qui libero natus voluptates ea.', 1, 6, NULL, '2024-04-08 08:54:09', NULL),
	(191, 'Veronica Nicolas', '(971) 586-8027', 'vcorwin@yahoo.com', 'Consequuntur nam quo voluptatem qui exercitationem.', 1, 5, NULL, '2024-03-31 08:54:09', NULL),
	(192, 'Prof. Destin Collins DVM', '863.457.0397', 'gibson.pinkie@gmail.com', 'Voluptatum et et impedit alias aliquid officia.', 2, 6, NULL, '2024-03-23 08:54:09', NULL),
	(193, 'Mr. Elian Roberts', '1-623-276-1810', 'florine.nicolas@hotmail.com', 'Error vel corrupti ullam quibusdam perferendis consectetur soluta qui.', 2, 5, NULL, '2024-04-04 08:54:09', NULL),
	(194, 'Keshaun O\'Conner', '+17089589243', 'augustine47@leffler.net', 'Numquam a dolor et delectus illo maxime.', 3, 4, NULL, '2024-03-26 08:54:09', NULL),
	(195, 'Oceane Rowe', '657-636-9268', 'louvenia52@durgan.com', 'Sit dolor nam cupiditate consequuntur omnis et voluptas blanditiis.', 3, 3, NULL, '2024-04-03 08:54:09', NULL),
	(196, 'Charlene Hayes', '520-330-5293', 'jpredovic@gusikowski.com', 'Quo odit fugiat vel doloribus officiis et.', 2, 3, NULL, '2024-04-02 08:54:09', NULL),
	(197, 'Brad Hammes', '(224) 999-2234', 'cosinski@ernser.biz', 'Unde voluptate non harum a rerum deleniti.', 3, 4, NULL, '2024-04-07 08:54:09', NULL),
	(198, 'Julio Watsica', '+1-423-298-8781', 'zkuhn@yahoo.com', 'Est labore maxime reiciendis.', 1, 1, NULL, '2024-04-06 08:54:09', NULL),
	(199, 'Vada Muller PhD', '575-333-0945', 'kilback.ezra@schultz.com', 'Nulla magni suscipit deleniti molestiae laudantium rerum.', 2, 2, NULL, '2024-04-12 08:54:10', NULL),
	(200, 'Domenico Koepp Jr.', '828-833-2252', 'casper.alexandra@gmail.com', 'Labore aliquam qui et pariatur.', 1, 6, NULL, '2024-04-09 08:54:10', NULL),
	(201, 'Sage Hartmann', '279.732.3340', 'turcotte.abby@rogahn.org', 'Ratione magni nobis accusantium corrupti.', 2, 7, NULL, '2024-04-14 08:54:10', NULL),
	(202, 'Prof. Josh Zieme', '330.764.0621', 'lokeefe@oberbrunner.net', 'Fugit harum eos dignissimos.', 2, 1, NULL, '2024-04-03 08:54:10', NULL),
	(203, 'Kathlyn Goyette', '475.241.9411', 'ziemann.lyla@yahoo.com', 'Nesciunt earum provident iste non dolorem facere aperiam.', 3, 2, NULL, '2024-04-13 08:54:10', NULL),
	(204, 'Yasmin D\'Amore I', '1-414-412-4328', 'lmcclure@yahoo.com', 'Omnis unde sit natus a enim exercitationem.', 1, 1, NULL, '2024-04-08 08:54:10', NULL),
	(205, 'Gene Barton', '+1-307-596-6689', 'mmclaughlin@hotmail.com', 'Eligendi placeat a eos velit excepturi officiis.', 2, 3, NULL, '2024-04-12 08:54:10', NULL),
	(206, 'Dr. Alexandra Dach', '+1.706.394.5287', 'breanne.schoen@feil.net', 'Debitis magnam ad voluptatem omnis.', 2, 7, NULL, '2024-03-21 08:54:10', NULL),
	(207, 'Sydnie Zboncak', '(859) 273-0951', 'xgoldner@goodwin.com', 'Omnis repellat ex soluta omnis vitae consequatur impedit.', 3, 3, NULL, '2024-04-09 08:54:10', NULL),
	(208, 'Ms. Era Rippin', '+1-207-318-9524', 'makenzie.hettinger@hotmail.com', 'Maiores nihil corporis ut sunt.', 1, 1, NULL, '2024-03-21 08:54:10', NULL),
	(209, 'Isaiah Lehner', '+1 (669) 950-7449', 'faye.stokes@mccullough.com', 'Dolorem blanditiis unde et veniam labore.', 3, 6, NULL, '2024-03-20 08:54:10', NULL),
	(210, 'Katheryn Mertz II', '312.209.2197', 'sydnie12@yahoo.com', 'Dolorem perspiciatis quasi omnis deleniti nam.', 3, 7, NULL, '2024-04-18 08:54:10', NULL),
	(211, 'Dr. Lucius Johnston', '+1-386-468-7035', 'salvatore.schumm@gmail.com', 'Non saepe officiis eaque officia commodi in sint.', 1, 1, NULL, '2024-04-12 08:54:10', NULL),
	(212, 'Hollie Lindgren', '+1 (629) 343-4706', 'wdickinson@abbott.com', 'Excepturi officiis ipsam deserunt soluta saepe ipsum sunt iste.', 1, 7, NULL, '2024-04-02 08:54:10', NULL),
	(213, 'Marlee Mann II', '1-520-557-9334', 'easter70@ohara.com', 'Beatae autem omnis reprehenderit voluptatem incidunt sint.', 1, 6, NULL, '2024-04-17 08:54:10', NULL),
	(214, 'Mr. Rickey Kassulke', '+1 (860) 495-3399', 'fadel.loma@gmail.com', 'Quibusdam dolorem voluptatibus est.', 2, 4, NULL, '2024-04-18 08:54:10', NULL),
	(215, 'Audie Hintz', '1-479-447-4014', 'aileen.funk@powlowski.net', 'Suscipit reiciendis tenetur explicabo sunt quia.', 3, 7, NULL, '2024-04-06 08:54:10', NULL),
	(216, 'Amber Kunde', '402-800-9585', 'stanton.jaquan@mante.com', 'Exercitationem nulla neque velit repellendus.', 2, 2, NULL, '2024-04-18 08:54:10', NULL),
	(217, 'Miss Margot McLaughlin MD', '+1-667-900-6985', 'johns.edward@yahoo.com', 'Beatae veritatis est dignissimos natus.', 2, 7, NULL, '2024-03-21 08:54:10', NULL),
	(218, 'Jake Bailey', '(743) 921-5927', 'candido.orn@gmail.com', 'Odio aut quia dicta dolores exercitationem.', 2, 4, NULL, '2024-04-01 08:54:10', NULL),
	(219, 'Carmelo Dickens', '+17547248861', 'jkub@cormier.com', 'Debitis aut est incidunt dolores esse vitae corrupti.', 1, 4, NULL, '2024-03-31 08:54:10', NULL),
	(220, 'Elwyn O\'Hara', '(407) 750-6923', 'russ37@nicolas.com', 'Aspernatur tempore aperiam eos illo adipisci.', 1, 6, NULL, '2024-03-20 08:54:10', NULL),
	(221, 'Ladarius Skiles DVM', '667-589-7387', 'sandy.reilly@yahoo.com', 'Laudantium impedit ut dolores natus.', 1, 3, NULL, '2024-03-24 08:54:10', NULL),
	(222, 'Rhiannon Ritchie Jr.', '(623) 880-5589', 'kritchie@hotmail.com', 'Voluptates aut dolor dignissimos.', 3, 5, NULL, '2024-04-16 08:54:10', NULL),
	(223, 'Roderick Cormier', '1-463-657-0794', 'dkulas@wiegand.com', 'Et nam praesentium laboriosam a dolorem.', 2, 1, NULL, '2024-04-12 08:54:10', NULL),
	(224, 'Russ Schulist IV', '+1.682.953.3898', 'mattie79@stehr.com', 'Aut corrupti itaque omnis ad.', 1, 4, NULL, '2024-04-10 08:54:10', NULL),
	(225, 'Deven Durgan', '1-432-670-1915', 'kylie56@yahoo.com', 'Rerum voluptatum accusantium nihil.', 2, 5, NULL, '2024-03-31 08:54:10', NULL),
	(226, 'Gregoria Barton V', '1-248-275-3846', 'alvina.bednar@bernhard.com', 'Praesentium perferendis mollitia ad magnam est et voluptatibus a.', 1, 3, NULL, '2024-04-13 08:54:10', NULL),
	(227, 'Mr. Camren Zieme PhD', '816.756.3664', 'xmclaughlin@jerde.info', 'Et et soluta ex ullam ratione.', 2, 6, NULL, '2024-04-18 08:54:10', NULL),
	(228, 'Bartholome Bartell', '+1-320-368-9637', 'bonita53@champlin.com', 'Ea quis ipsam velit vitae.', 1, 1, NULL, '2024-04-01 08:54:10', NULL),
	(229, 'Jett Kertzmann', '+1 (661) 484-2139', 'marcella18@gmail.com', 'Temporibus rerum neque recusandae quasi voluptatem in aperiam.', 3, 2, NULL, '2024-04-11 08:54:10', NULL),
	(230, 'Alison Mayer', '1-425-981-5503', 'samir99@nienow.info', 'Quisquam veritatis earum nesciunt.', 3, 2, NULL, '2024-03-25 08:54:11', NULL),
	(231, 'Prof. Rogelio Schneider MD', '+1-805-360-5224', 'reba39@dicki.com', 'Ducimus possimus quis a exercitationem.', 3, 4, NULL, '2024-04-17 08:54:11', NULL),
	(232, 'Prof. Jabari Konopelski', '+1.725.970.8963', 'juanita29@hermann.com', 'Quae qui itaque voluptas consequatur est.', 1, 1, NULL, '2024-04-07 08:54:11', NULL),
	(233, 'Alana Prohaska', '+1 (769) 663-3926', 'deckow.troy@rosenbaum.com', 'Aut nemo assumenda voluptatem eligendi incidunt.', 1, 6, NULL, '2024-04-09 08:54:11', NULL),
	(234, 'Moshe Ruecker PhD', '301.662.6524', 'pcremin@hotmail.com', 'Voluptates facere possimus iste expedita et nihil provident.', 3, 1, NULL, '2024-04-15 08:54:11', NULL),
	(235, 'Miss Meaghan Wuckert', '1-347-713-5683', 'sydnie.bins@jakubowski.com', 'Aspernatur qui et omnis laboriosam temporibus architecto.', 1, 1, NULL, '2024-03-25 08:54:11', NULL),
	(236, 'Prof. Alvah Pollich', '1-907-247-0225', 'melba.heathcote@yahoo.com', 'Possimus qui fuga fugiat odio et hic.', 1, 2, NULL, '2024-03-22 08:54:11', NULL),
	(237, 'Mrs. Trinity Considine', '+12628199239', 'gadams@hotmail.com', 'Non vero consectetur maxime et.', 3, 7, NULL, '2024-04-01 08:54:11', NULL),
	(238, 'Theresa Conn', '513.995.9331', 'oliver.mosciski@rutherford.net', 'Velit ut quibusdam laborum explicabo.', 2, 3, NULL, '2024-04-06 08:54:11', NULL),
	(239, 'Miss Zula Dare', '1-646-722-1655', 'beahan.marguerite@satterfield.com', 'Nihil exercitationem atque repellat dolor non voluptatem.', 2, 5, NULL, '2024-04-01 08:54:11', NULL),
	(240, 'Carson Jakubowski', '+1-508-873-4569', 'aiden.russel@jast.biz', 'Quia exercitationem blanditiis tenetur et assumenda quia.', 1, 1, NULL, '2024-03-29 08:54:11', NULL),
	(241, 'Mr. Garland Lemke', '+19135079983', 'charlie76@collier.com', 'Nulla iure deserunt voluptas fugit voluptatem delectus.', 1, 3, NULL, '2024-03-23 08:54:11', NULL),
	(242, 'Mrs. Marianna Halvorson', '+1-702-290-1958', 'emil.osinski@gmail.com', 'Iste dolorum quam consequatur dolore totam.', 2, 7, NULL, '2024-03-22 08:54:11', NULL),
	(243, 'Lera Jast', '747-240-4699', 'liam.turner@mann.com', 'Qui veritatis fugiat culpa.', 3, 1, NULL, '2024-04-14 08:54:11', NULL),
	(244, 'Malcolm Dicki', '+1-651-417-7930', 'tromp.cassidy@greenholt.com', 'Architecto maiores molestias mollitia aliquam a sunt aspernatur.', 3, 2, NULL, '2024-04-05 08:54:11', NULL),
	(245, 'Idell Pacocha', '+1-937-963-8503', 'orn.lea@bechtelar.com', 'Laborum fuga reiciendis dolore laboriosam.', 2, 2, NULL, '2024-04-03 08:54:11', NULL),
	(246, 'Miss Alysha Klein', '1-912-606-8470', 'reichert.barrett@beer.com', 'Velit labore eos ea expedita.', 3, 7, NULL, '2024-04-10 08:54:11', NULL),
	(247, 'Prof. Keshawn Smith', '+1 (732) 728-9708', 'retha28@littel.com', 'Autem animi et asperiores ut enim.', 3, 6, NULL, '2024-03-31 08:54:11', NULL),
	(248, 'Ms. Delilah Wyman Sr.', '574-479-4981', 'nakia92@yahoo.com', 'Aut voluptatem quisquam eligendi voluptatem aliquid et quo aut.', 1, 6, NULL, '2024-03-25 08:54:11', NULL),
	(249, 'Giuseppe Connelly', '706.587.3701', 'spencer.nina@gmail.com', 'Ipsam quos ex quia nulla nihil tempora.', 2, 3, NULL, '2024-03-21 08:54:11', NULL),
	(250, 'Dr. Gina Buckridge', '+1-615-556-8767', 'johann.lang@walker.com', 'Architecto et nihil rerum eius reiciendis dolore rerum.', 1, 5, NULL, '2024-04-12 08:54:11', NULL),
	(251, 'Jensen Russel PhD', '810-895-3228', 'aufderhar.madyson@yahoo.com', 'Fugiat cupiditate earum animi consectetur eum minus minus.', 1, 1, NULL, '2024-04-01 08:54:11', NULL),
	(252, 'Mr. Dale Hoeger II', '(260) 360-8807', 'soberbrunner@cremin.com', 'Eum expedita id molestias dolorum quia esse.', 1, 5, NULL, '2024-04-05 08:54:11', NULL),
	(253, 'Dr. Avery Mueller Jr.', '+12164235970', 'bboehm@gmail.com', 'Ea harum deserunt eius odit provident consectetur distinctio perspiciatis.', 3, 6, NULL, '2024-03-28 08:54:11', NULL),
	(254, 'Sherman Renner', '602-308-7114', 'freddy65@friesen.com', 'Commodi voluptatibus neque itaque modi aut.', 2, 7, NULL, '2024-04-07 08:54:11', NULL),
	(255, 'Kraig Lang', '1-858-646-0304', 'daugherty.nellie@gmail.com', 'Corporis molestias quam animi aspernatur.', 1, 5, NULL, '2024-03-21 08:54:11', NULL),
	(256, 'Kristin Shields DDS', '680.416.7705', 'rashawn.nikolaus@kling.net', 'Et consequatur magnam dolores odio voluptatem quasi at fugit.', 3, 7, NULL, '2024-03-30 08:54:11', NULL),
	(257, 'Emmanuelle Nitzsche', '1-518-635-8524', 'oberbrunner.mariam@bechtelar.info', 'Et eum et enim molestias exercitationem voluptas sint doloremque.', 2, 2, NULL, '2024-03-31 08:54:11', NULL),
	(258, 'Camren Ratke', '858-704-5654', 'dietrich.ruben@yahoo.com', 'Ut at sit et non natus ea.', 2, 7, NULL, '2024-04-12 08:54:11', NULL),
	(259, 'Christina Kreiger', '+1.585.359.8939', 'trantow.jamir@quitzon.com', 'Minima id eveniet beatae perferendis voluptas qui.', 3, 7, NULL, '2024-04-17 08:54:11', NULL),
	(260, 'Barton Pouros', '805-276-7407', 'laverna.trantow@yahoo.com', 'Commodi quis ut sunt voluptas ea.', 2, 4, NULL, '2024-03-29 08:54:11', NULL),
	(261, 'Dayne Lebsack', '+1-931-584-3272', 'desmond98@ortiz.com', 'Quisquam et est repellat.', 2, 2, NULL, '2024-04-04 08:54:11', NULL),
	(262, 'Ms. Rosalind Buckridge', '1-845-348-6205', 'nader.addison@hotmail.com', 'Voluptas saepe modi laudantium perferendis neque rerum consequatur similique.', 2, 3, NULL, '2024-03-21 08:54:11', NULL),
	(263, 'Miss Florence Hintz I', '(989) 659-1283', 'savannah.yundt@gmail.com', 'Inventore in repellendus voluptatem explicabo.', 2, 3, NULL, '2024-03-25 08:54:12', NULL),
	(264, 'Christiana Davis', '630-673-2504', 'conroy.catharine@yahoo.com', 'Qui voluptatem occaecati et et aspernatur.', 2, 5, NULL, '2024-04-16 08:54:12', NULL),
	(265, 'Augustine Reichel', '248-607-9210', 'lkassulke@gmail.com', 'Reprehenderit possimus nesciunt rerum sed ipsam.', 3, 2, NULL, '2024-04-11 08:54:12', NULL),
	(266, 'Raoul Gaylord', '325.909.4048', 'callie58@yahoo.com', 'Consequatur ut tenetur dolores autem non.', 1, 1, NULL, '2024-03-22 08:54:12', NULL),
	(267, 'Maxime Nienow', '+1.830.402.8946', 'lilla.marquardt@kshlerin.info', 'Ut nobis vitae vero.', 1, 6, NULL, '2024-03-30 08:54:12', NULL),
	(268, 'Ms. Viviane Weissnat', '+1-928-958-3835', 'ispinka@gmail.com', 'Accusantium vel molestiae optio rerum voluptatem et quia.', 3, 1, NULL, '2024-04-13 08:54:12', NULL),
	(269, 'Elenora Kreiger', '+1.860.512.9251', 'buford.zieme@gmail.com', 'Quae esse placeat et illo facilis.', 3, 2, NULL, '2024-04-08 08:54:12', NULL),
	(270, 'Ludie Dare II', '+1 (580) 833-2560', 'crawford01@bayer.com', 'Dolor eveniet sint dolore nihil vel incidunt eveniet.', 3, 4, NULL, '2024-04-02 08:54:12', NULL),
	(271, 'Reymundo Olson III', '1-731-438-2457', 'olind@keeling.com', 'Optio cum dolores praesentium corrupti.', 2, 1, NULL, '2024-04-02 08:54:12', NULL),
	(272, 'Donato Schulist', '530.972.4887', 'candido27@gmail.com', 'Commodi voluptatem laborum excepturi corporis quas.', 1, 2, NULL, '2024-03-31 08:54:12', NULL),
	(273, 'Jade Marks', '+1 (864) 515-2620', 'buckridge.aimee@shields.com', 'Cupiditate voluptatem quo consequatur sequi hic nisi adipisci.', 1, 5, NULL, '2024-04-18 08:54:12', NULL),
	(274, 'Prof. Dudley Lang', '1-361-873-8655', 'ilene.kertzmann@yahoo.com', 'Aut veniam quo atque sunt et itaque sunt voluptates.', 1, 3, NULL, '2024-04-04 08:54:12', NULL),
	(275, 'Werner Hane V', '(380) 796-1139', 'kris.columbus@tromp.com', 'Neque distinctio est illum suscipit iure aperiam.', 1, 1, NULL, '2024-04-13 08:54:12', NULL),
	(276, 'Ms. Frances Jacobi II', '1-951-694-7882', 'koch.adrian@gmail.com', 'Quasi ut delectus omnis eum ea.', 1, 4, NULL, '2024-03-25 08:54:12', NULL),
	(277, 'Esteban Beier', '412.258.8122', 'santos.fadel@hotmail.com', 'Illo quis qui est quasi nisi.', 3, 1, NULL, '2024-04-08 08:54:12', NULL),
	(278, 'Dr. Velva Cummerata', '+1.914.265.7714', 'haley.rafaela@gmail.com', 'Quia sint ipsa quam quis nemo.', 3, 5, NULL, '2024-03-30 08:54:12', NULL),
	(279, 'Mr. Silas Herzog', '936.786.0419', 'rboyer@zulauf.com', 'Ut a accusamus rerum quia delectus quasi officiis.', 2, 7, NULL, '2024-04-04 08:54:12', NULL),
	(280, 'Walker Turner', '305-612-3808', 'zita28@connelly.com', 'Deleniti quos fuga consequatur aut aspernatur voluptates quibusdam.', 3, 1, NULL, '2024-04-17 08:54:12', NULL),
	(281, 'Mr. Casey Abshire', '707-884-8861', 'deshawn.russel@hotmail.com', 'Et iure est numquam voluptatum impedit amet voluptas.', 3, 1, NULL, '2024-04-11 08:54:12', NULL),
	(282, 'Imani Bayer V', '+1.650.745.6426', 'kbarrows@boyer.biz', 'Maiores ut cum perferendis unde.', 3, 5, NULL, '2024-04-06 08:54:12', NULL),
	(283, 'Guillermo Bergstrom', '606-416-4106', 'hickle.ulices@bednar.org', 'Velit et enim minus laboriosam enim est.', 3, 4, NULL, '2024-04-17 08:54:12', NULL),
	(284, 'Carleton Olson', '(445) 454-4278', 'buford29@yahoo.com', 'Nemo dolores eligendi consequatur aspernatur dicta.', 1, 7, NULL, '2024-04-02 08:54:12', NULL),
	(285, 'Lorine Bauch', '276-277-8800', 'dagmar56@larkin.com', 'Id nam dolores cupiditate.', 2, 4, NULL, '2024-04-16 08:54:12', NULL),
	(286, 'Daniela Wilderman', '309.446.7583', 'zbode@gmail.com', 'Odit facilis vel quia omnis ducimus quisquam.', 3, 7, NULL, '2024-03-22 08:54:12', NULL),
	(287, 'Ms. Amalia Baumbach Sr.', '360.504.1588', 'mblanda@ebert.com', 'Voluptate doloribus veniam suscipit et quam.', 1, 7, NULL, '2024-03-30 08:54:12', NULL),
	(288, 'Kiel Champlin', '+1.615.569.9395', 'ucorkery@hills.info', 'Animi est tenetur ab consequatur assumenda consequatur.', 3, 5, NULL, '2024-03-26 08:54:12', NULL),
	(289, 'Mr. Grady Dach II', '+17438991473', 'gulgowski.kirk@oconnell.info', 'Quas veritatis accusantium autem non illo ea ut.', 3, 6, NULL, '2024-04-15 08:54:12', NULL),
	(290, 'Maximo Kreiger', '858.490.5999', 'linda47@yundt.biz', 'Repellat nihil cum delectus odio quas necessitatibus ut eum.', 2, 1, NULL, '2024-04-07 08:54:12', NULL),
	(291, 'Tom Schuster', '1-681-626-4011', 'rstark@stoltenberg.com', 'Iste sequi et consequatur et consequatur quas nihil.', 3, 6, NULL, '2024-04-03 08:54:12', NULL),
	(292, 'Alek Carter', '918.567.6551', 'pheller@gmail.com', 'Neque quis nisi officiis consequatur id autem.', 2, 5, NULL, '2024-04-05 08:54:12', NULL),
	(293, 'Prof. Reid Abernathy Sr.', '224-842-0632', 'jack43@hotmail.com', 'Alias recusandae officiis ut illum enim corporis.', 3, 4, NULL, '2024-04-09 08:54:12', NULL),
	(294, 'Prof. Loyal Champlin MD', '1-469-523-0571', 'delphia.crona@quitzon.info', 'Labore ut aut tempora qui consectetur.', 3, 6, NULL, '2024-03-25 08:54:12', NULL),
	(295, 'Dr. Alaina Gutmann MD', '1-478-767-0386', 'rodriguez.shakira@treutel.com', 'Eum quaerat molestias et facilis vitae.', 2, 3, NULL, '2024-03-25 08:54:12', NULL),
	(296, 'Lon Balistreri', '+1 (551) 739-5394', 'marlen01@barrows.com', 'Id quia esse voluptatem sequi eum culpa praesentium.', 3, 4, NULL, '2024-04-05 08:54:13', NULL),
	(297, 'Prof. Raheem Nienow IV', '1-435-341-7169', 'catherine.halvorson@hotmail.com', 'Hic at aspernatur non tenetur.', 1, 3, NULL, '2024-04-08 08:54:13', NULL),
	(298, 'Benedict D\'Amore II', '+1-380-651-2703', 'dakota47@metz.net', 'Deserunt fugiat magnam in adipisci quia facilis.', 1, 7, NULL, '2024-04-06 08:54:13', NULL),
	(299, 'Prof. Fay Blick', '810-560-6997', 'keeley01@hotmail.com', 'Magni consequuntur iure ullam ut sapiente sit omnis.', 2, 4, NULL, '2024-04-09 08:54:13', NULL),
	(300, 'Camren Hamill IV', '(336) 937-3112', 'cgorczany@funk.com', 'Facere nisi exercitationem sint ipsam possimus.', 1, 1, NULL, '2024-03-21 08:54:13', NULL),
	(301, 'Abigayle Rohan', '+1-272-450-8417', 'misty.schmitt@hotmail.com', 'Earum architecto impedit illum.', 1, 4, NULL, '2024-04-05 08:54:13', NULL),
	(302, 'Kurt Boyle', '916-266-9473', 'renner.samanta@yahoo.com', 'Dolores similique possimus ad accusantium temporibus et.', 3, 6, NULL, '2024-04-14 08:54:13', NULL),
	(303, 'Corbin Hansen', '+1.515.726.7023', 'gerson46@hotmail.com', 'Officiis qui nam deserunt sequi nulla.', 2, 3, NULL, '2024-04-07 08:54:13', NULL),
	(304, 'Miss Monique Hand IV', '1-781-649-2694', 'rita.dibbert@gmail.com', 'Commodi corporis quis harum aut necessitatibus adipisci rerum culpa.', 1, 6, NULL, '2024-03-23 08:54:13', NULL),
	(305, 'Mireille Hintz', '302.791.2152', 'houston.muller@hotmail.com', 'Blanditiis iusto sed autem aut rerum voluptatibus.', 3, 6, NULL, '2024-04-14 08:54:13', NULL),
	(306, 'Devon Goyette', '(580) 390-5043', 'gordon25@wintheiser.com', 'Sit non consequuntur rerum quaerat et.', 1, 7, NULL, '2024-04-14 08:54:13', NULL),
	(307, 'Holly Gibson', '1-863-661-1873', 'xkozey@hotmail.com', 'Dolores sunt qui facilis deleniti odit.', 3, 3, NULL, '2024-03-30 08:54:13', NULL),
	(308, 'Kraig Goodwin DVM', '+1-479-452-8127', 'orval18@gmail.com', 'Aspernatur omnis voluptates sit ab officia culpa.', 2, 2, NULL, '2024-04-09 08:54:13', NULL),
	(309, 'Orville Ebert II', '+1-650-883-3987', 'srunte@halvorson.com', 'Quaerat quia aut voluptatibus corporis expedita veniam omnis.', 1, 2, NULL, '2024-04-05 08:54:13', NULL),
	(310, 'Maybell Nolan', '216-682-9183', 'okreiger@hotmail.com', 'Rerum aut dolorem eius.', 1, 4, NULL, '2024-04-07 08:54:13', NULL),
	(311, 'Isai Pfannerstill', '1-314-866-4210', 'talon83@oconner.com', 'Porro dolores iste modi eveniet.', 3, 6, NULL, '2024-04-07 08:54:13', NULL),
	(312, 'Mr. Trevion Bayer', '+19102026714', 'eromaguera@hartmann.org', 'Cumque doloribus at et nihil sit esse aliquam.', 1, 7, NULL, '2024-03-31 08:54:13', NULL),
	(313, 'Verlie Ward', '+1-308-613-4081', 'gonzalo85@jast.com', 'Ea non accusantium at est est impedit quia.', 2, 2, NULL, '2024-04-03 08:54:13', NULL),
	(314, 'Hipolito Spencer', '+1-848-510-1808', 'cfritsch@okuneva.com', 'Quas aut et adipisci ad fuga et itaque nihil.', 1, 7, NULL, '2024-03-27 08:54:13', NULL),
	(315, 'Gilda Deckow', '1-434-797-9941', 'delores.hane@lang.com', 'Veniam et corrupti alias vel ab et.', 1, 1, NULL, '2024-03-29 08:54:13', NULL),
	(316, 'Jacinto Walsh', '(520) 641-6639', 'ufeil@kuvalis.biz', 'Aut vel iusto ea nobis est ipsum sed.', 1, 3, NULL, '2024-04-05 08:54:13', NULL),
	(317, 'Prof. Monique Dare', '+1.938.561.1378', 'albin41@braun.org', 'Voluptas repellat et consequatur culpa.', 3, 5, NULL, '2024-03-22 08:54:13', NULL),
	(318, 'Jackson Bergnaum', '+1 (831) 479-3909', 'hayes.ariane@beahan.biz', 'Occaecati aut enim nesciunt repellendus quia quis.', 3, 1, NULL, '2024-04-01 08:54:13', NULL),
	(319, 'Hershel Johnson', '+1.209.502.3622', 'verona.hilpert@franecki.org', 'Aspernatur dolores cum repellat deserunt minus earum.', 3, 5, NULL, '2024-03-24 08:54:13', NULL),
	(320, 'Madisyn Lind', '+1 (626) 953-0417', 'keeling.stanton@gmail.com', 'Nam aut soluta et aut ducimus.', 3, 2, NULL, '2024-03-20 08:54:13', NULL),
	(321, 'Miss Coralie Brakus IV', '+17317718681', 'dominic.williamson@brekke.org', 'Voluptatem soluta veritatis quaerat.', 3, 1, NULL, '2024-03-30 08:54:13', NULL),
	(322, 'Ms. Phoebe Quitzon III', '872-550-0960', 'ggulgowski@wolff.net', 'Debitis incidunt nihil numquam soluta temporibus.', 3, 5, NULL, '2024-04-04 08:54:13', NULL),
	(323, 'Seth Cormier', '+1 (469) 223-2558', 'lue.corkery@hills.com', 'Iste quo eveniet veniam officiis reprehenderit.', 3, 3, NULL, '2024-03-25 08:54:13', NULL),
	(324, 'Dr. Muriel Pouros', '+1 (561) 938-2392', 'jlittle@gmail.com', 'Maiores cum sit eveniet dolores natus inventore vel distinctio.', 1, 5, NULL, '2024-04-11 08:54:13', NULL),
	(325, 'Ulices Trantow MD', '(515) 236-6516', 'abdul.kling@mills.biz', 'Dolor dolorem quos rerum quidem possimus.', 3, 6, NULL, '2024-04-06 08:54:13', NULL),
	(326, 'Tamara O\'Reilly', '+1.501.475.2636', 'vern73@strosin.com', 'Quia corrupti exercitationem repellat quia aut.', 2, 4, NULL, '2024-04-05 08:54:13', NULL),
	(327, 'Lew Frami', '+1.743.987.1727', 'sydnie.bechtelar@hotmail.com', 'Quo velit debitis reprehenderit nobis.', 1, 5, NULL, '2024-04-10 08:54:13', NULL),
	(328, 'Camren Fahey', '+1.239.450.4464', 'aubree18@hotmail.com', 'Aut cumque nobis dolorem eius cumque quisquam.', 2, 7, NULL, '2024-04-10 08:54:13', NULL),
	(329, 'Camylle Kertzmann', '+1.682.622.1329', 'vbrekke@dooley.org', 'Molestias sint sed et sed accusantium enim.', 3, 2, NULL, '2024-04-13 08:54:13', NULL),
	(330, 'Bryon Zieme', '580.631.0652', 'theller@hotmail.com', 'Neque atque consequuntur temporibus vitae reiciendis officia dolor sit.', 2, 5, NULL, '2024-03-31 08:54:13', NULL),
	(331, 'Quincy Balistreri', '828-496-0619', 'koch.hannah@yahoo.com', 'Quae quo ratione quis recusandae quod.', 3, 2, NULL, '2024-04-03 08:54:14', NULL),
	(332, 'Kitty Bode', '+1 (863) 286-4556', 'kub.jarrod@breitenberg.org', 'Dolores veniam dolor qui modi rem quisquam cumque.', 1, 2, NULL, '2024-03-28 08:54:14', NULL),
	(333, 'Jerrod Kozey', '(737) 634-5561', 'ramiro18@schmitt.com', 'Sed quia dolorum quo repellat sit ullam ea.', 2, 5, NULL, '2024-04-07 08:54:14', NULL),
	(334, 'Mr. Nicholas Franecki I', '(520) 854-7831', 'marianne60@gmail.com', 'Id exercitationem non velit a.', 2, 1, NULL, '2024-04-08 08:54:14', NULL),
	(335, 'Enoch Kuhlman', '+15705343221', 'qsporer@hegmann.com', 'Explicabo voluptates sint optio dolorem.', 2, 5, NULL, '2024-03-23 08:54:14', NULL),
	(336, 'Dr. Monty Kilback', '+12487489061', 'missouri22@hotmail.com', 'Et perspiciatis recusandae quas.', 2, 4, NULL, '2024-03-31 08:54:14', NULL),
	(337, 'Dr. Ray Lebsack PhD', '+16016244572', 'blanda.lance@roob.com', 'Voluptatem quia quos et.', 1, 3, NULL, '2024-03-30 08:54:14', NULL),
	(338, 'Jarred Predovic', '+1 (719) 766-1918', 'jarrod.monahan@hotmail.com', 'Sunt error vel qui inventore aut cum.', 2, 3, NULL, '2024-03-29 08:54:14', NULL),
	(339, 'Fabiola Emmerich Jr.', '917.631.1914', 'cynthia.lehner@dibbert.com', 'Quisquam et deleniti nobis tempora sequi quis temporibus.', 1, 2, NULL, '2024-03-30 08:54:14', NULL),
	(340, 'Dorothea Monahan', '(682) 566-8391', 'breitenberg.una@blanda.com', 'Ratione ut veniam facilis ad quae quasi.', 2, 5, NULL, '2024-03-25 08:54:14', NULL),
	(341, 'Dr. Mathilde Dietrich', '+1.307.239.6364', 'larson.lucienne@wolff.com', 'Numquam ut quod quam qui et doloremque.', 2, 4, NULL, '2024-04-02 08:54:14', NULL),
	(342, 'Laurence Boyer', '786-357-7794', 'glover.kristina@spencer.com', 'Nihil nostrum quis vel ut quisquam maxime.', 3, 4, NULL, '2024-03-23 08:54:14', NULL),
	(343, 'Rory Gulgowski', '1-786-840-7870', 'alvera84@gulgowski.biz', 'Qui dolor consequatur odit minima qui veritatis.', 2, 6, NULL, '2024-04-01 08:54:14', NULL),
	(344, 'Marquis Padberg', '386-995-2836', 'francesca00@yahoo.com', 'Fugiat neque adipisci explicabo facere qui voluptatibus consequuntur sunt.', 1, 6, NULL, '2024-04-05 08:54:14', NULL),
	(345, 'Precious Klocko', '662.817.9600', 'dwuckert@deckow.com', 'Quo voluptas voluptatem nam.', 3, 5, NULL, '2024-03-28 08:54:14', NULL),
	(346, 'Novella Wuckert', '(404) 319-7075', 'herman.christiana@metz.com', 'Cupiditate quia neque consequatur tenetur ducimus quia.', 1, 5, NULL, '2024-03-31 08:54:14', NULL),
	(347, 'Mr. Woodrow Rempel', '657-867-3378', 'swift.kailyn@klein.info', 'Numquam ut quo possimus sit enim veritatis accusamus placeat.', 2, 7, NULL, '2024-04-02 08:54:14', NULL),
	(348, 'Eunice Champlin', '256.455.1500', 'destiney83@gmail.com', 'Vel assumenda natus nesciunt.', 3, 6, NULL, '2024-04-09 08:54:14', NULL),
	(349, 'Aubree Bartell', '+1 (703) 673-5912', 'ccrist@pfeffer.com', 'Est adipisci aut blanditiis dolore.', 1, 5, NULL, '2024-04-14 08:54:14', NULL),
	(350, 'Caterina Beer', '432.718.7006', 'ysporer@weissnat.net', 'Qui officia quaerat consectetur esse.', 2, 5, NULL, '2024-04-06 08:54:14', NULL),
	(351, 'Miss Amelia Streich', '606.773.4698', 'theresia.mayert@hotmail.com', 'Non voluptas fugiat excepturi velit in cum et.', 1, 3, NULL, '2024-04-13 08:54:14', NULL),
	(352, 'Shannon Hegmann', '+1-857-970-7542', 'bethel.purdy@torp.com', 'Doloribus corporis officia sed minus voluptas quo.', 3, 5, NULL, '2024-04-16 08:54:14', NULL),
	(353, 'Norberto Little', '678.639.7472', 'fritz.auer@gmail.com', 'Hic expedita facilis et nostrum.', 3, 6, NULL, '2024-04-02 08:54:14', NULL),
	(354, 'Deshawn Zboncak DDS', '+1 (509) 303-0700', 'fritz26@hotmail.com', 'Et quia fugiat voluptatum.', 1, 5, NULL, '2024-04-11 08:54:14', NULL),
	(355, 'Ewald Heathcote', '360.477.1868', 'adrain.bayer@hotmail.com', 'Fugit omnis vel quo cumque aut beatae.', 1, 7, NULL, '2024-04-17 08:54:14', NULL),
	(356, 'Mathew Marks', '1-959-282-2823', 'pablo.kub@gmail.com', 'Facilis voluptates aut soluta eos esse ut facilis.', 1, 7, NULL, '2024-04-13 08:54:14', NULL),
	(357, 'Katlynn Roob Sr.', '1-405-589-3876', 'astanton@smith.com', 'Dolorum voluptas repellendus dicta animi quia.', 2, 4, NULL, '2024-04-13 08:54:14', NULL),
	(358, 'Alexis Padberg', '425-991-2953', 'boehm.ursula@lubowitz.com', 'Deserunt laborum eum possimus aliquam vel minus culpa.', 3, 3, NULL, '2024-03-30 08:54:14', NULL),
	(359, 'Aric Kunde', '1-719-414-0999', 'mohr.armando@hotmail.com', 'Nam possimus sed voluptatum ipsam culpa et.', 1, 6, NULL, '2024-04-17 08:54:14', NULL),
	(360, 'Prof. Queen Hamill', '(332) 792-7828', 'jones.ernest@hauck.com', 'Occaecati sit quibusdam quas iure ipsam ut.', 3, 5, NULL, '2024-04-15 08:54:14', NULL),
	(361, 'Deion Cummerata', '820-867-3273', 'hahn.chad@gmail.com', 'Quos minus omnis laborum iusto officiis.', 2, 1, NULL, '2024-03-23 08:54:15', NULL),
	(362, 'Ms. Lora Beier IV', '+1 (708) 842-4503', 'seth.vonrueden@koch.com', 'Dolore dolor reiciendis blanditiis a tempora et.', 3, 3, NULL, '2024-03-24 08:54:15', NULL),
	(363, 'Judd Deckow', '+1 (256) 802-0452', 'cruz64@yahoo.com', 'Voluptate eaque soluta dolores sint ut in.', 3, 4, NULL, '2024-04-03 08:54:15', NULL),
	(364, 'Virgil Corwin', '478.462.6417', 'stefan.schimmel@wilderman.com', 'Magni dicta magnam non et.', 2, 6, NULL, '2024-04-09 08:54:15', NULL),
	(365, 'Alvina Daniel', '(820) 927-4728', 'emard.chadrick@green.com', 'Voluptas quisquam magnam dolorem et modi perferendis.', 2, 4, NULL, '2024-04-13 08:54:15', NULL),
	(366, 'Dakota O\'Conner Jr.', '(603) 482-7098', 'ortiz.camilla@gmail.com', 'Odit perspiciatis vero impedit cumque ea.', 2, 6, NULL, '2024-04-04 08:54:15', NULL),
	(367, 'Prof. Waldo Hilpert Sr.', '1-920-820-7435', 'corwin.kenyatta@ankunding.com', 'Pariatur autem ratione laudantium in praesentium.', 3, 6, NULL, '2024-04-17 08:54:15', NULL),
	(368, 'Brooklyn Stokes', '1-283-453-5587', 'mohr.lonie@yahoo.com', 'Eaque et et eaque rerum tempore.', 2, 4, NULL, '2024-03-30 08:54:15', NULL),
	(369, 'Britney Dicki', '+1 (843) 284-2703', 'stamm.valentine@moore.com', 'Odit et doloribus cum tenetur in velit reprehenderit eveniet.', 2, 7, NULL, '2024-03-29 08:54:15', NULL),
	(370, 'Asha Hettinger', '215-387-6028', 'lcrona@yahoo.com', 'Autem earum qui delectus iure labore.', 3, 1, NULL, '2024-03-27 08:54:15', NULL),
	(371, 'Dr. Ottilie Johns', '+1-336-776-7693', 'guillermo35@gmail.com', 'Quia vel ratione dolores qui minima quaerat.', 2, 2, NULL, '2024-03-31 08:54:15', NULL),
	(372, 'Ms. Kasey Willms DVM', '+18032801903', 'dominic.metz@gmail.com', 'Excepturi quia dignissimos sit ipsa quos veritatis cumque distinctio.', 1, 6, NULL, '2024-04-18 08:54:15', NULL),
	(373, 'Julio Volkman DDS', '+17197132695', 'hill.clementine@paucek.com', 'Non iste et ea corporis.', 3, 3, NULL, '2024-03-24 08:54:15', NULL),
	(374, 'Prof. Sister Hagenes DVM', '878.614.3726', 'pouros.maybelle@gmail.com', 'Excepturi quo cumque aut fugit sunt ipsa id.', 1, 2, NULL, '2024-03-26 08:54:15', NULL),
	(375, 'Prof. Richard Roberts', '+1 (312) 474-2889', 'telly.becker@yahoo.com', 'Neque et eius perferendis qui ducimus.', 1, 5, NULL, '2024-03-24 08:54:15', NULL),
	(376, 'Demond Maggio', '+1-424-379-8150', 'block.caitlyn@rutherford.com', 'Aperiam quia consequatur iusto consequatur architecto.', 1, 3, NULL, '2024-03-29 08:54:15', NULL),
	(377, 'Eve Lockman', '(803) 829-4962', 'demarco.dare@hotmail.com', 'Autem inventore sit pariatur quia maiores.', 1, 5, NULL, '2024-03-20 08:54:15', NULL),
	(378, 'Roman Friesen', '+1 (248) 945-6306', 'upton.marilie@hand.com', 'Ut deserunt officiis laudantium velit non sunt.', 2, 5, NULL, '2024-03-21 08:54:15', NULL),
	(379, 'Vilma Wunsch', '507-877-4260', 'natalia.hamill@conn.info', 'Aut exercitationem ipsum laudantium repellat voluptate.', 1, 6, NULL, '2024-04-18 08:54:15', NULL),
	(380, 'Tyra Schmeler', '651-268-6265', 'johnnie.wunsch@funk.net', 'Aliquid odio aut dicta enim soluta tempora sit.', 2, 2, NULL, '2024-04-08 08:54:15', NULL),
	(381, 'Ms. Alanis Reichert MD', '660.848.8407', 'amy34@kutch.com', 'Qui nulla quisquam possimus aperiam.', 2, 3, NULL, '2024-04-04 08:54:15', NULL),
	(382, 'Ashly Tillman', '+18434798888', 'miracle94@gmail.com', 'Corrupti recusandae sed velit consequatur.', 1, 5, NULL, '2024-04-17 08:54:15', NULL),
	(383, 'Odell Monahan', '+1 (971) 726-3161', 'zreichel@smitham.com', 'Dolores temporibus aut ut ratione inventore sit earum quis.', 3, 1, NULL, '2024-04-08 08:54:15', NULL),
	(384, 'Amie Corwin Sr.', '+1-662-450-0820', 'habshire@gmail.com', 'Et quia enim dolorem tempore adipisci.', 1, 3, NULL, '2024-03-23 08:54:15', NULL),
	(385, 'Fay Walter DDS', '+1-562-916-3231', 'stark.macy@bogan.info', 'Veritatis quia enim mollitia quia voluptas ipsa qui.', 1, 6, NULL, '2024-03-27 08:54:15', NULL),
	(386, 'Rowland Ziemann', '1-820-971-2533', 'hreichert@wiza.org', 'Accusamus placeat earum cupiditate itaque blanditiis a ea.', 2, 1, NULL, '2024-03-27 08:54:15', NULL),
	(387, 'Frida Lemke', '803.468.8988', 'davis.ansel@hotmail.com', 'Dolor sit doloribus dolor sunt et optio.', 1, 6, NULL, '2024-04-01 08:54:15', NULL),
	(388, 'Americo Tromp II', '530-725-6285', 'hwilkinson@hayes.com', 'Quod fugit sit ipsam unde pariatur culpa impedit.', 3, 2, NULL, '2024-03-31 08:54:15', NULL),
	(389, 'Loy Hettinger', '956-581-8459', 'oskiles@gmail.com', 'Consectetur corrupti distinctio a.', 2, 1, NULL, '2024-03-28 08:54:15', NULL),
	(390, 'Prof. Alivia Wisozk II', '1-848-739-7703', 'willow11@yahoo.com', 'Quibusdam iusto ut sunt maiores.', 1, 5, NULL, '2024-04-06 08:54:16', NULL),
	(391, 'Mr. Abner Hartmann', '(608) 392-0537', 'lera00@gmail.com', 'Ut labore similique et iure ea.', 2, 1, NULL, '2024-04-11 08:54:16', NULL),
	(392, 'Elinor Schamberger', '+1 (402) 341-5559', 'pollich.wendell@buckridge.com', 'Et est eos aliquam at eum quia.', 2, 3, NULL, '2024-03-26 08:54:16', NULL),
	(393, 'Harvey Keebler', '+1-203-919-2539', 'paige.hackett@yahoo.com', 'Qui sit quia dignissimos magnam.', 3, 5, NULL, '2024-04-06 08:54:16', NULL),
	(394, 'Griffin Pouros', '+1 (239) 995-2578', 'isawayn@huels.org', 'Sunt aut doloribus enim.', 3, 6, NULL, '2024-04-09 08:54:16', NULL),
	(395, 'Boris Reilly', '1-689-594-4232', 'uwatsica@feil.org', 'Odio labore nihil adipisci voluptas qui nobis est delectus.', 2, 6, NULL, '2024-04-05 08:54:16', NULL),
	(396, 'Luther Konopelski', '440-557-5692', 'kmueller@weissnat.biz', 'Optio et rerum omnis tempore et.', 1, 3, NULL, '2024-03-25 08:54:16', NULL),
	(397, 'Devan Dicki Sr.', '+1 (830) 262-6438', 'estrella.wunsch@russel.com', 'Aliquam aut ea quasi alias aut.', 2, 3, NULL, '2024-03-25 08:54:16', NULL),
	(398, 'Mrs. Verna Predovic', '680-408-6896', 'willow84@hotmail.com', 'Eligendi asperiores deserunt quae ipsa ea omnis quae.', 1, 1, NULL, '2024-03-28 08:54:16', NULL),
	(399, 'Samanta Grady', '+1-540-342-6792', 'arippin@gmail.com', 'Veniam velit voluptas quia ipsum nobis est.', 2, 6, NULL, '2024-04-08 08:54:16', NULL),
	(400, 'Dr. Yasmine McDermott', '1-423-270-0416', 'reichert.pearline@rodriguez.net', 'Est labore omnis maiores perferendis enim.', 1, 1, NULL, '2024-03-21 08:54:16', NULL),
	(401, 'Robyn Bernhard', '+1 (225) 860-7093', 'oberbrunner.deangelo@heaney.com', 'Eius velit labore ab culpa est.', 3, 4, NULL, '2024-03-23 08:54:16', NULL),
	(402, 'Angeline Bernier', '+1.984.344.1672', 'maiya86@gmail.com', 'Rerum veniam vel nobis rerum.', 1, 3, NULL, '2024-03-27 08:54:16', NULL),
	(403, 'Jalon Towne Sr.', '1-989-465-7864', 'margie40@mertz.net', 'Est nesciunt fuga eos aliquam qui architecto.', 2, 5, NULL, '2024-03-25 08:54:16', NULL),
	(404, 'Prof. Hortense Hamill', '1-530-382-4720', 'mustafa36@beahan.com', 'Iste quia ea tempora magni.', 3, 4, NULL, '2024-03-24 08:54:16', NULL),
	(405, 'Dr. Karen Paucek Jr.', '469-943-7510', 'jewell.murray@bayer.com', 'Dignissimos praesentium placeat quo esse vel esse et doloremque.', 2, 1, NULL, '2024-04-04 08:54:16', NULL),
	(406, 'Aracely Renner I', '(216) 296-1889', 'javonte.zboncak@yahoo.com', 'Porro maxime quas rem ullam porro est architecto.', 2, 4, NULL, '2024-04-07 08:54:16', NULL),
	(407, 'Laron Nicolas', '(830) 772-8293', 'lysanne64@greenfelder.com', 'Aut optio animi error ab cupiditate voluptas.', 2, 6, NULL, '2024-04-18 08:54:16', NULL),
	(408, 'Bruce Wiegand', '1-847-263-3717', 'robbie.senger@yahoo.com', 'Amet corrupti aut ut.', 2, 1, NULL, '2024-03-24 08:54:16', NULL),
	(409, 'Fiona Rolfson', '283.790.9901', 'ofarrell@hotmail.com', 'Quos deserunt et ut pariatur suscipit.', 2, 3, NULL, '2024-04-04 08:54:16', NULL),
	(410, 'Keely Kertzmann', '+1 (858) 825-9924', 'wokuneva@hotmail.com', 'Ipsum ut repudiandae et ratione magni necessitatibus qui et.', 1, 3, NULL, '2024-03-22 08:54:16', NULL),
	(411, 'Jacques Mraz', '1-430-675-5648', 'dallas37@kertzmann.org', 'In eaque atque nisi cupiditate asperiores omnis ut.', 1, 5, NULL, '2024-03-20 08:54:16', NULL),
	(412, 'Tatyana Cronin', '+1-337-823-5209', 'huel.alvis@gerhold.net', 'Quidem fugiat ipsum qui iusto.', 1, 7, NULL, '2024-04-13 08:54:17', NULL),
	(413, 'Dr. Roselyn Volkman', '334-563-3544', 'camylle11@gmail.com', 'Et ut rerum delectus minus fugit.', 2, 1, NULL, '2024-04-03 08:54:17', NULL),
	(414, 'Antwon Koss', '+13218086478', 'deborah52@hotmail.com', 'Quo magnam consectetur aut sapiente alias iure.', 1, 1, NULL, '2024-04-17 08:54:17', NULL),
	(415, 'Onie Auer', '806-844-6101', 'rohan.giuseppe@yahoo.com', 'Aut omnis et sequi sit veritatis soluta quo.', 3, 1, NULL, '2024-04-07 08:54:17', NULL),
	(416, 'Danielle Schmidt', '(510) 636-4004', 'kessler.lucinda@gmail.com', 'Rerum dicta doloremque repellat qui et architecto tenetur.', 3, 7, NULL, '2024-03-20 08:54:17', NULL),
	(417, 'Dr. Shayna Johnson', '954.534.1934', 'precious.luettgen@rice.info', 'Iste perspiciatis explicabo fuga et corporis voluptates.', 3, 4, NULL, '2024-03-29 08:54:17', NULL),
	(418, 'Dr. Nicholaus Schinner V', '785.391.6164', 'willard.mueller@yahoo.com', 'Sunt maiores doloribus sed repellat est et numquam fuga.', 1, 4, NULL, '2024-04-12 08:54:17', NULL),
	(419, 'Prof. Samantha Purdy Jr.', '+1 (786) 221-5661', 'mpollich@yahoo.com', 'Nobis culpa id sed nemo autem et non aliquid.', 2, 7, NULL, '2024-03-20 08:54:17', NULL),
	(420, 'Freda Connelly', '+1 (928) 625-8293', 'srobel@gmail.com', 'Facilis quos quia qui ducimus qui et debitis voluptatem.', 2, 7, NULL, '2024-04-04 08:54:17', NULL),
	(421, 'Prof. Hilma Homenick', '+15613094859', 'verona.jenkins@gmail.com', 'Alias ab ducimus aliquam quidem tempore illo non assumenda.', 1, 6, NULL, '2024-04-04 08:54:17', NULL),
	(422, 'Jorge Beatty', '864.521.5282', 'mstehr@heller.com', 'Atque consequuntur veritatis rerum labore aliquid et sit.', 2, 7, NULL, '2024-04-15 08:54:17', NULL),
	(423, 'Remington Will', '+1-220-253-1879', 'orunolfsson@gmail.com', 'Rerum omnis voluptas dolor non.', 2, 7, NULL, '2024-03-31 08:54:17', NULL),
	(424, 'Prof. Keon Fay III', '+1-779-999-7833', 'phyllis.russel@yahoo.com', 'Dolorem nihil est architecto in consequatur.', 3, 4, NULL, '2024-03-25 08:54:17', NULL),
	(425, 'Mr. Abdul Lubowitz', '+1 (360) 678-3167', 'ischneider@nienow.com', 'At dolor aut cum error.', 3, 5, NULL, '2024-03-29 08:54:17', NULL),
	(426, 'Miss Chaya Ullrich Sr.', '+1-772-860-0696', 'hkoepp@hotmail.com', 'Et nihil repellat nihil natus odit.', 2, 2, NULL, '2024-04-01 08:54:17', NULL),
	(427, 'Fritz Breitenberg', '+1 (463) 335-4784', 'jaylin.turner@heidenreich.com', 'Exercitationem voluptas quia cum recusandae repudiandae alias.', 1, 2, NULL, '2024-04-04 08:54:17', NULL),
	(428, 'Destany Rippin', '+1-737-515-7403', 'sierra17@yahoo.com', 'Libero inventore rerum at natus nobis deserunt.', 3, 5, NULL, '2024-04-13 08:54:17', NULL),
	(429, 'Dr. Desiree Schaden', '1-941-287-7584', 'mac91@gmail.com', 'Ea necessitatibus ut officia aliquam.', 3, 3, NULL, '2024-04-16 08:54:17', NULL),
	(430, 'Melody Koelpin', '949.338.0518', 'tanner.hirthe@brakus.info', 'Iure voluptatibus enim ut quisquam dolore.', 2, 7, NULL, '2024-03-24 08:54:17', NULL),
	(431, 'Shanon Legros', '551.733.6141', 'wbartoletti@hotmail.com', 'Voluptas perspiciatis et rerum incidunt voluptates impedit repudiandae.', 1, 7, NULL, '2024-04-01 08:54:17', NULL),
	(432, 'Eldridge Ankunding', '516-625-7510', 'drenner@yahoo.com', 'Qui quia ut totam et nesciunt quas est.', 2, 4, NULL, '2024-04-13 08:54:17', NULL),
	(433, 'Ms. Mariela Green Jr.', '+1-269-866-7052', 'elmo29@gmail.com', 'Accusantium aperiam inventore perspiciatis provident est suscipit.', 1, 2, NULL, '2024-03-27 08:54:17', NULL),
	(434, 'Jasen Cruickshank', '351-725-8067', 'gnitzsche@howe.com', 'Non vel est et deserunt tempora sit autem.', 1, 5, NULL, '2024-03-31 08:54:18', NULL),
	(435, 'Haskell Walsh DDS', '+1 (919) 966-9257', 'estevan78@hotmail.com', 'Ducimus consequatur animi neque voluptatem et labore.', 1, 3, NULL, '2024-04-16 08:54:18', NULL),
	(436, 'Dr. Vaughn Mitchell DDS', '657-339-3423', 'funk.kassandra@dickinson.com', 'Incidunt vitae qui qui beatae exercitationem.', 3, 4, NULL, '2024-04-12 08:54:18', NULL),
	(437, 'Bernardo Grady', '+1.772.531.4628', 'xrosenbaum@gmail.com', 'Aspernatur autem molestiae itaque est ipsa.', 3, 3, NULL, '2024-03-22 08:54:18', NULL),
	(438, 'Mrs. Veda Thiel', '+13805200514', 'anibal46@hansen.com', 'Qui aspernatur voluptatum cum veritatis.', 3, 3, NULL, '2024-03-20 08:54:18', NULL),
	(439, 'Geovany Abbott Sr.', '+1.785.848.9588', 'pbechtelar@gmail.com', 'Nam rerum minus omnis facere vel necessitatibus numquam.', 1, 1, NULL, '2024-04-10 08:54:18', NULL),
	(440, 'Lloyd Stracke', '+18202253550', 'collins.adonis@jacobson.org', 'Repudiandae nemo alias praesentium qui error.', 2, 5, NULL, '2024-04-01 08:54:18', NULL),
	(441, 'Raphael Reynolds', '430-657-3067', 'owelch@bode.com', 'Optio harum et excepturi rerum non qui eaque.', 1, 2, NULL, '2024-04-17 08:54:18', NULL),
	(442, 'Demond Lynch', '+1-410-446-7170', 'lila08@spinka.org', 'Impedit sed ut animi ut harum.', 1, 3, NULL, '2024-04-12 08:54:18', NULL),
	(443, 'Prof. Nelson Hickle', '+1 (458) 938-0720', 'chill@simonis.com', 'Aliquid expedita ut laudantium nulla.', 3, 7, NULL, '2024-03-27 08:54:18', NULL),
	(444, 'Ole Rolfson', '765-667-4261', 'judge.johnston@stiedemann.info', 'Velit quia quod doloremque beatae cupiditate et eius temporibus.', 2, 6, NULL, '2024-04-16 08:54:18', NULL),
	(445, 'Kaelyn Leuschke', '+1 (732) 724-4124', 'germaine57@hotmail.com', 'Cum et beatae et facere repellendus a quo.', 1, 6, NULL, '2024-03-28 08:54:18', NULL),
	(446, 'Dr. Skye Champlin III', '+1 (865) 489-7074', 'ukunde@yahoo.com', 'Et in sint amet qui incidunt autem perferendis sint.', 3, 4, NULL, '2024-04-07 08:54:18', NULL),
	(447, 'Prof. Kellie Koss', '(872) 777-7901', 'lisandro76@goldner.com', 'Et est asperiores reiciendis illum.', 2, 7, NULL, '2024-04-12 08:54:18', NULL),
	(448, 'Dr. Miguel Harber', '1-878-595-4225', 'qlind@yahoo.com', 'Voluptatum maxime at rerum odit eius.', 2, 6, NULL, '2024-03-20 08:54:18', NULL),
	(449, 'Kailee Barrows', '283-560-1636', 'izulauf@yahoo.com', 'Consequatur nobis distinctio voluptas ut.', 3, 7, NULL, '2024-03-20 08:54:18', NULL),
	(450, 'Aidan Lang', '310.726.0536', 'price.rowe@gmail.com', 'Dolorum est ea ipsam ratione ab et facere omnis.', 3, 6, NULL, '2024-04-05 08:54:18', NULL),
	(451, 'Demarcus Wyman', '+1-801-660-7077', 'stanford.hill@cormier.com', 'Molestiae tempora ipsum voluptatibus enim rerum non.', 3, 5, NULL, '2024-04-05 08:54:18', NULL),
	(452, 'Prof. Naomie Sawayn', '+1-351-388-1667', 'narmstrong@gmail.com', 'Ut molestias qui magnam excepturi velit sunt.', 1, 7, NULL, '2024-04-04 08:54:18', NULL),
	(453, 'Prof. Elenor Feest', '+1 (312) 804-7016', 'eldora98@flatley.com', 'Beatae consequatur aut rerum iusto.', 1, 5, NULL, '2024-04-10 08:54:18', NULL),
	(454, 'Krystina Deckow DDS', '928.362.6558', 'idell.schuster@yahoo.com', 'In suscipit sint veritatis optio hic tempore natus.', 2, 2, NULL, '2024-03-20 08:54:18', NULL),
	(455, 'Ross Gorczany', '907.973.6232', 'ransom.hudson@gmail.com', 'Est odit voluptatem enim magnam eaque ipsum sunt.', 1, 1, NULL, '2024-04-16 08:54:18', NULL),
	(456, 'Dr. Brown Okuneva MD', '1-307-787-4140', 'nicklaus83@doyle.net', 'Nihil nam temporibus odit sint sunt quis.', 1, 2, NULL, '2024-04-01 08:54:18', NULL),
	(457, 'Richmond Considine', '267.582.1901', 'jayson.ferry@eichmann.com', 'Neque deserunt consequatur praesentium est facilis officia.', 1, 3, NULL, '2024-03-23 08:54:19', NULL),
	(458, 'Saul Mills', '(847) 794-7908', 'lemuel.hammes@jacobs.com', 'Voluptatem ut nostrum nihil voluptatem rerum autem.', 3, 2, NULL, '2024-03-31 08:54:19', NULL),
	(459, 'Reynold Kris IV', '+1 (224) 625-4129', 'lee65@kihn.com', 'Sit natus quis ratione quis quo.', 2, 7, NULL, '2024-03-24 08:54:19', NULL),
	(460, 'Dorian Lynch MD', '+1-347-429-3329', 'savannah.ullrich@gmail.com', 'Eum laboriosam dolor repellat perferendis ex mollitia.', 1, 2, NULL, '2024-03-22 08:54:19', NULL),
	(461, 'Prof. Angus Brakus', '+1.959.355.2050', 'georgette.morar@hotmail.com', 'Quia culpa et beatae molestiae eius quibusdam perferendis.', 2, 1, NULL, '2024-04-18 08:54:19', NULL),
	(462, 'Perry Mueller', '360-462-1868', 'howe.seth@gmail.com', 'Ut quas corrupti fuga harum possimus.', 3, 7, NULL, '2024-03-31 08:54:19', NULL),
	(463, 'Kane Lindgren', '+1-954-287-5884', 'schimmel.eva@yahoo.com', 'Ipsam hic aliquid doloribus sed expedita quo itaque.', 1, 2, NULL, '2024-03-24 08:54:19', NULL),
	(464, 'Louie Wunsch I', '(630) 461-1319', 'haley04@grimes.com', 'Blanditiis expedita culpa ut autem nam.', 3, 4, NULL, '2024-04-18 08:54:19', NULL),
	(465, 'Rodrigo Quitzon DDS', '+1-586-703-8484', 'rskiles@yahoo.com', 'Et sed itaque aut praesentium sunt.', 3, 6, NULL, '2024-03-25 08:54:19', NULL),
	(466, 'Raquel Homenick', '1-920-605-0906', 'bo11@hotmail.com', 'Eaque dignissimos quia autem expedita adipisci quidem quaerat.', 2, 6, NULL, '2024-04-03 08:54:19', NULL),
	(467, 'Chance Walker', '+14752305785', 'predovic.cali@gmail.com', 'Enim blanditiis voluptatem quo amet quia excepturi.', 3, 1, NULL, '2024-03-22 08:54:19', NULL),
	(468, 'Rogers Kunde', '+1 (747) 823-9194', 'everardo.hegmann@gmail.com', 'Aut doloribus ipsum minus placeat voluptas necessitatibus aut.', 1, 7, NULL, '2024-04-04 08:54:19', NULL),
	(469, 'Maria Feest PhD', '(424) 582-6965', 'mackenzie.roberts@gmail.com', 'Hic quod aliquid est sed aperiam aperiam.', 2, 5, NULL, '2024-04-16 08:54:19', NULL),
	(470, 'Flavio Harber', '689-910-0778', 'natalia17@emmerich.org', 'Est non ipsum nemo quas omnis.', 1, 7, NULL, '2024-03-29 08:54:19', NULL),
	(471, 'Garrick Lesch', '808-395-5689', 'serena79@flatley.com', 'Harum eum praesentium sed non.', 2, 2, NULL, '2024-03-26 08:54:19', NULL),
	(472, 'Emery Sipes', '1-954-675-5406', 'durgan.zane@hotmail.com', 'Ea suscipit voluptates et dolorem quis similique.', 3, 3, NULL, '2024-04-05 08:54:19', NULL),
	(473, 'Wilber Gaylord', '+13806274162', 'turner.jennie@koch.net', 'Enim sint esse non.', 3, 2, NULL, '2024-03-30 08:54:19', NULL),
	(474, 'Audrey Morar', '208.749.1749', 'powlowski.armand@hotmail.com', 'Architecto quo ullam qui qui eveniet.', 3, 7, NULL, '2024-03-28 08:54:19', NULL),
	(475, 'Miss Rebecca Dare PhD', '+17185790404', 'maryse84@stiedemann.com', 'Perspiciatis enim nemo totam illo eligendi aut dolores.', 2, 3, NULL, '2024-04-10 08:54:19', NULL),
	(476, 'Keeley Maggio DDS', '+1 (631) 542-1412', 'brown56@gmail.com', 'Quas enim incidunt similique unde magni necessitatibus.', 1, 6, NULL, '2024-04-05 08:54:19', NULL),
	(477, 'Kristy Legros', '(551) 960-6869', 'shirley.rippin@gmail.com', 'Velit voluptate debitis illo eius inventore ad accusamus.', 3, 3, NULL, '2024-04-18 08:54:19', NULL),
	(478, 'Mrs. Romaine Murazik', '510.636.4625', 'silas.vandervort@price.org', 'Omnis qui quidem reprehenderit.', 3, 3, NULL, '2024-03-29 08:54:19', NULL),
	(479, 'Claud Pagac', '+1-423-715-7489', 'ucorkery@gmail.com', 'Necessitatibus et beatae facere dolores placeat quam consectetur.', 3, 3, NULL, '2024-04-18 08:54:19', NULL),
	(480, 'Art Schulist', '+18653554947', 'loy.becker@gutmann.org', 'Error repudiandae itaque sit a.', 1, 7, NULL, '2024-03-28 08:54:19', NULL),
	(481, 'Layla Weimann', '+1.828.355.1732', 'aherman@zemlak.org', 'Deserunt fugiat quaerat ipsam et deserunt.', 1, 1, NULL, '2024-04-02 08:54:19', NULL),
	(482, 'Carlotta Reichert', '(747) 762-5236', 'aniyah71@gmail.com', 'Ut tenetur sunt rem rerum dicta.', 1, 5, NULL, '2024-04-05 08:54:19', NULL),
	(483, 'Cyrus Jaskolski', '+18289343743', 'kbuckridge@gmail.com', 'Ea dolor suscipit totam ipsa.', 1, 5, NULL, '2024-04-04 08:54:20', NULL),
	(484, 'Esther Collier', '207.490.6812', 'kglover@hotmail.com', 'Molestiae ut delectus fugiat quos voluptas doloribus atque vel.', 1, 7, NULL, '2024-04-08 08:54:20', NULL),
	(485, 'Dr. Charley Friesen', '(830) 610-4479', 'jovany14@hotmail.com', 'Neque doloremque ratione nam labore.', 1, 7, NULL, '2024-03-27 08:54:20', NULL),
	(486, 'Vernie McLaughlin', '+1 (872) 562-6439', 'violette84@kunde.org', 'Consequuntur qui illo a ipsum eius et dolorem.', 3, 1, NULL, '2024-04-07 08:54:20', NULL),
	(487, 'Trace Hamill', '+1-929-703-7862', 'aliyah.emard@feest.com', 'Quo et perferendis repudiandae perspiciatis eius voluptates nihil.', 2, 3, NULL, '2024-03-31 08:54:20', NULL),
	(488, 'Prof. Meaghan Murphy', '+1-708-737-7864', 'johanna.schaden@kemmer.info', 'Eos aut repellendus consequatur amet sint.', 3, 7, NULL, '2024-04-04 08:54:20', NULL),
	(489, 'Fausto Gleichner', '+1-719-352-5218', 'kerluke.janelle@veum.com', 'Nesciunt velit eaque alias ut pariatur exercitationem eum.', 2, 6, NULL, '2024-04-11 08:54:20', NULL),
	(490, 'Jordyn Gutkowski', '305.564.3707', 'thompson.josiane@beahan.info', 'Quia dolores animi dolor ut.', 1, 4, NULL, '2024-03-30 08:54:20', NULL),
	(491, 'Mikayla Muller', '+1-940-919-2506', 'ktoy@miller.org', 'Et maiores neque quisquam eius illo porro ipsam.', 1, 2, NULL, '2024-04-16 08:54:20', NULL),
	(492, 'Conrad Fadel', '1-812-331-0992', 'pasquale43@hamill.com', 'Aut velit dolor qui consequatur facere sit dolore.', 2, 4, NULL, '2024-03-22 08:54:20', NULL),
	(493, 'Prof. Lucio Ernser DDS', '425.670.3211', 'amelia.bergnaum@gmail.com', 'Quia at optio neque.', 2, 1, NULL, '2024-04-02 08:54:20', NULL),
	(494, 'Dr. Geraldine Hegmann Sr.', '+1 (341) 375-7736', 'brenden38@wiza.com', 'Ex laudantium dolorum dolor est quo numquam tempore dolorem.', 1, 1, NULL, '2024-03-24 08:54:20', NULL),
	(495, 'Dr. Doyle Friesen I', '+1-231-602-1205', 'jade57@yahoo.com', 'In eaque tempora magni quasi.', 1, 4, NULL, '2024-04-16 08:54:20', NULL),
	(496, 'Mrs. Kallie Mayert V', '754-616-7927', 'trinity.spinka@johnson.info', 'Rerum ut impedit et ut.', 2, 4, NULL, '2024-04-04 08:54:20', NULL),
	(497, 'Kirk Nienow', '1-559-858-4449', 'zdonnelly@yahoo.com', 'Non quia saepe commodi enim et unde at.', 3, 4, NULL, '2024-04-01 08:54:20', NULL),
	(498, 'Allene Connelly', '1-585-932-5835', 'bernadette19@yahoo.com', 'Provident aut consequatur natus ea perferendis aliquam ratione adipisci.', 2, 6, NULL, '2024-04-15 08:54:20', NULL),
	(499, 'Lisa Nitzsche', '+1-719-762-6634', 'keven.pacocha@hotmail.com', 'Ducimus amet aspernatur tempore libero quia aliquid cupiditate temporibus.', 2, 1, NULL, '2024-03-26 08:54:20', NULL),
	(500, 'Prof. Karina Boyer PhD', '1-425-456-8043', 'cyril.dooley@weissnat.org', 'Unde facilis quas ratione dolores nobis.', 2, 2, NULL, '2024-04-13 08:54:20', NULL);

-- Dumping structure for table bigdata.table_sub_user
DROP TABLE IF EXISTS `table_sub_user`;
CREATE TABLE IF NOT EXISTS `table_sub_user` (
  `user_id` bigint unsigned NOT NULL,
  `sub_id` bigint unsigned NOT NULL,
  KEY `table_sub_user_user_id_foreign` (`user_id`),
  KEY `table_sub_user_sub_id_foreign` (`sub_id`),
  CONSTRAINT `table_sub_user_sub_id_foreign` FOREIGN KEY (`sub_id`) REFERENCES `table_submit` (`id`),
  CONSTRAINT `table_sub_user_user_id_foreign` FOREIGN KEY (`user_id`) REFERENCES `table_users` (`id`)
) ENGINE=InnoDB DEFAULT CHARSET=utf8mb4 COLLATE=utf8mb4_unicode_ci;

-- Dumping data for table bigdata.table_sub_user: ~0 rows (approximately)
DELETE FROM `table_sub_user`;

-- Dumping structure for table bigdata.table_users
DROP TABLE IF EXISTS `table_users`;
CREATE TABLE IF NOT EXISTS `table_users` (
  `id` bigint unsigned NOT NULL AUTO_INCREMENT,
  `name` varchar(255) COLLATE utf8mb4_unicode_ci NOT NULL,
  `phone` varchar(255) COLLATE utf8mb4_unicode_ci NOT NULL,
  `email` varchar(255) COLLATE utf8mb4_unicode_ci NOT NULL,
  `password` varchar(255) COLLATE utf8mb4_unicode_ci NOT NULL,
  `role_id` bigint unsigned NOT NULL,
  `deleted_at` timestamp NULL DEFAULT NULL,
  `created_at` timestamp NULL DEFAULT NULL,
  `updated_at` timestamp NULL DEFAULT NULL,
  PRIMARY KEY (`id`),
  UNIQUE KEY `table_users_phone_unique` (`phone`),
  UNIQUE KEY `table_users_email_unique` (`email`),
  KEY `table_users_role_id_foreign` (`role_id`),
  CONSTRAINT `table_users_role_id_foreign` FOREIGN KEY (`role_id`) REFERENCES `table_role` (`id`)
) ENGINE=InnoDB AUTO_INCREMENT=4 DEFAULT CHARSET=utf8mb4 COLLATE=utf8mb4_unicode_ci;

-- Dumping data for table bigdata.table_users: ~3 rows (approximately)
DELETE FROM `table_users`;
INSERT INTO `table_users` (`id`, `name`, `phone`, `email`, `password`, `role_id`, `deleted_at`, `created_at`, `updated_at`) VALUES
	(1, 'Admin', '0123456789', 'admin@gmail.com', '$2y$12$GYcu6YHj3ecILb2cD.NeA.JJxEKLXq7/9yGBaYWeRLhfxxl.khD56', 1, NULL, NULL, NULL),
	(2, 'leader', '0987654321', 'leader@gmail.com', '$2y$12$DUvIAe7LgcrtQvecO6E9kuBRK89gi0/hk7BRrilE1Qu5jW98uOQnW', 2, NULL, NULL, NULL),
	(3, 'Saler', '1234567890', 'sale@gmail.com', '$2y$12$2QuyePu/34kwxzkN3KsfmOxtIpS0SYBvAmMjblZJlTiinKruZXlve', 3, NULL, NULL, NULL);

/*!40103 SET TIME_ZONE=IFNULL(@OLD_TIME_ZONE, 'system') */;
/*!40101 SET SQL_MODE=IFNULL(@OLD_SQL_MODE, '') */;
/*!40014 SET FOREIGN_KEY_CHECKS=IFNULL(@OLD_FOREIGN_KEY_CHECKS, 1) */;
/*!40101 SET CHARACTER_SET_CLIENT=@OLD_CHARACTER_SET_CLIENT */;
/*!40111 SET SQL_NOTES=IFNULL(@OLD_SQL_NOTES, 1) */;
